EmployeeNumber,Department,JobRole,Gender,JobLevel,MonthlyIncome,OverTime,JobSatisfaction,WorkLifeBalance,YearsSinceLastPromotion,Attrition,risk_score,risk_band
1,Sales,Sales Executive,Female,2,5993,Yes,4,1,0,Yes,0.9046441314694519,Élevé
2,Research & Development,Research Scientist,Male,2,5130,No,2,3,1,No,0.06792801738640616,Faible
4,Research & Development,Laboratory Technician,Male,1,2090,Yes,3,3,0,Yes,0.8866829906222683,Élevé
5,Research & Development,Research Scientist,Female,1,2909,Yes,3,3,3,No,0.3916974814453727,Moyen
7,Research & Development,Laboratory Technician,Male,1,3468,No,2,3,2,No,0.7672731147738792,Élevé
8,Research & Development,Laboratory Technician,Male,1,3068,No,4,2,3,No,0.24453569670105704,Faible
10,Research & Development,Laboratory Technician,Female,1,2670,Yes,1,2,0,No,0.5109118740013079,Moyen
11,Research & Development,Laboratory Technician,Male,1,2693,No,3,3,0,No,0.4620843285626321,Moyen
12,Research & Development,Manufacturing Director,Male,3,9526,No,3,3,1,No,0.31920262921958525,Faible
13,Research & Development,Healthcare Representative,Male,2,5237,No,3,2,7,No,0.258717048372938,Faible
14,Research & Development,Laboratory Technician,Male,1,2426,No,2,3,0,No,0.25064900986184546,Faible
15,Research & Development,Laboratory Technician,Female,2,4193,Yes,3,3,0,No,0.6132761641461838,Moyen
16,Research & Development,Research Scientist,Male,1,2911,No,3,2,4,No,0.23332249164765667,Faible
18,Research & Development,Laboratory Technician,Male,1,2661,No,4,3,1,No,0.28572614921101364,Faible
19,Research & Development,Laboratory Technician,Male,1,2028,Yes,3,3,0,Yes,0.9798877927989222,Élevé
20,Research & Development,Manufacturing Director,Female,3,9980,No,1,3,8,No,0.13787795269874709,Faible
21,Research & Development,Research Scientist,Male,1,3298,Yes,2,2,0,No,0.1923434899895296,Faible
22,Research & Development,Laboratory Technician,Male,1,2935,Yes,4,2,0,No,0.6367751706321622,Moyen
23,Sales,Manager,Female,4,15427,No,4,3,3,No,0.022879946243353877,Faible
24,Research & Development,Research Scientist,Male,1,3944,Yes,4,3,1,No,0.6183010236297269,Moyen
26,Research & Development,Manufacturing Director,Female,2,4011,No,3,2,1,No,0.03456600662115382,Faible
27,Sales,Sales Representative,Male,1,3407,No,1,3,0,Yes,0.8504313914812361,Élevé
28,Research & Development,Research Director,Female,3,11994,No,2,3,2,No,0.06625405406398864,Faible
30,Research & Development,Research Scientist,Male,1,1232,No,4,3,0,No,0.28628121360602027,Faible
31,Research & Development,Research Scientist,Male,1,2960,No,1,3,1,Yes,0.28763913823799575,Faible
32,Research & Development,Manager,Female,5,19094,No,3,2,4,No,0.004390886640914878,Faible
33,Research & Development,Research Scientist,Female,1,3919,Yes,1,3,6,Yes,0.9077207922834287,Élevé
35,Sales,Sales Executive,Male,2,6825,No,2,3,4,No,0.27628060341235633,Faible
36,Research & Development,Healthcare Representative,Female,3,10248,No,4,3,5,No,0.015086559363061452,Faible
38,Sales,Manager,Female,5,18947,No,1,2,2,No,0.3055560414188561,Faible
39,Research & Development,Laboratory Technician,Male,1,2496,No,4,3,0,No,0.45402676648520346,Moyen
40,Research & Development,Healthcare Representative,Male,2,6465,Yes,4,4,1,No,0.1604135467240969,Faible
41,Research & Development,Laboratory Technician,Male,1,2206,No,3,3,1,No,0.4764237774144597,Moyen
42,Sales,Sales Representative,Male,2,2086,No,4,4,0,Yes,0.15276958185943457,Faible
45,Research & Development,Research Scientist,Male,1,2293,Yes,4,2,2,Yes,0.5803362412958981,Moyen
46,Research & Development,Research Scientist,Female,1,2645,No,3,2,1,No,0.006549691433045354,Faible
47,Sales,Sales Representative,Male,1,2683,Yes,3,3,0,Yes,0.8695452870861925,Élevé
49,Sales,Sales Representative,Female,1,2014,No,4,3,2,No,0.38599169844665104,Moyen
51,Research & Development,Research Scientist,Female,1,3419,Yes,1,4,0,No,0.7968489087364057,Élevé
52,Sales,Sales Executive,Female,2,5376,No,1,3,1,No,0.1327205803917418,Faible
53,Research & Development,Laboratory Technician,Male,1,1951,No,4,3,0,No,0.2533804205609056,Faible
54,Research & Development,Laboratory Technician,Female,1,2341,No,1,3,0,No,0.1756924962575745,Faible
55,Research & Development,Laboratory Technician,Male,1,2293,No,3,2,0,Yes,0.8975757211884247,Élevé
56,Sales,Sales Executive,Male,3,8726,No,3,3,1,No,0.23068446548815033,Faible
57,Research & Development,Laboratory Technician,Female,2,4011,No,4,3,3,No,0.2194726361941956,Faible
58,Research & Development,Research Director,Female,5,19545,No,3,3,15,Yes,0.0874237742620424,Faible
60,Sales,Sales Executive,Male,2,4568,No,3,3,8,No,0.7694306584554358,Élevé
61,Research & Development,Research Scientist,Male,1,3022,No,2,3,0,No,0.5709506890888258,Moyen
62,Sales,Sales Executive,Male,2,5772,Yes,4,3,0,No,0.8434373104760221,Élevé
63,Research & Development,Laboratory Technician,Male,1,2269,No,4,3,0,No,0.08556095114630247,Faible
64,Research & Development,Laboratory Technician,Male,3,5381,Yes,3,3,0,Yes,0.9392096086170197,Élevé
65,Research & Development,Laboratory Technician,Male,1,3441,Yes,3,2,2,Yes,0.9007998297521217,Élevé
68,Sales,Sales Executive,Female,2,5454,Yes,1,2,1,No,0.8187014251911516,Élevé
70,Research & Development,Healthcare Representative,Male,3,9884,Yes,1,3,2,No,0.5667007904863345,Moyen
72,Sales,Sales Executive,Female,2,4157,Yes,4,2,0,No,0.9189916771808498,Élevé
73,Research & Development,Research Director,Female,3,13458,Yes,4,3,8,No,0.37634903773313566,Moyen
74,Sales,Sales Executive,Male,3,9069,No,1,2,1,No,0.39972293094604694,Moyen
75,Research & Development,Laboratory Technician,Female,1,4014,Yes,1,3,2,No,0.8492351843526944,Élevé
76,Research & Development,Laboratory Technician,Male,2,5915,No,4,2,1,No,0.10009997532391228,Faible
77,Research & Development,Manufacturing Director,Male,2,5993,No,3,4,0,No,0.03259741874672252,Faible
78,Research & Development,Manufacturing Director,Male,2,6162,Yes,4,3,7,No,0.48499748949281435,Moyen
79,Research & Development,Laboratory Technician,Female,2,2406,No,4,3,9,No,0.7633037418826318,Élevé
80,Research & Development,Research Director,Female,5,18740,Yes,3,2,13,No,0.4920979905858333,Moyen
81,Sales,Sales Executive,Female,3,7637,No,1,2,7,No,0.4034644344786696,Moyen
83,Research & Development,Healthcare Representative,Female,3,10096,No,3,3,12,No,0.046115183444723463,Faible
84,Research & Development,Manager,Female,4,14756,Yes,3,3,0,No,0.03796871913317633,Faible
85,Research & Development,Manufacturing Director,Male,2,6499,No,2,3,0,No,0.3972238687857344,Moyen
86,Research & Development,Research Scientist,Male,3,9724,No,1,3,0,No,0.021316722078988912,Faible
88,Research & Development,Research Scientist,Male,1,2194,No,1,2,1,No,0.34179572628435395,Moyen
90,Research & Development,Research Scientist,Male,1,3388,Yes,3,2,0,Yes,0.5487714203193386,Moyen
91,Sales,Sales Executive,Female,2,5473,No,3,2,1,No,0.4354112614093028,Moyen
94,Research & Development,Research Scientist,Male,1,2703,No,2,3,0,No,0.02815944977288483,Faible
95,Research & Development,Research Scientist,Male,1,2501,No,2,3,1,No,0.22263363577688244,Faible
96,Research & Development,Research Scientist,Male,2,6220,No,2,3,0,No,0.020889047209684833,Faible
97,Research & Development,Laboratory Technician,Female,1,3038,No,4,3,0,No,0.40139737969150024,Moyen
98,Research & Development,Manufacturing Director,Female,2,4424,No,4,3,1,No,0.04949730604685964,Faible
100,Sales,Sales Executive,Male,2,4312,No,1,3,2,No,0.25017643286207436,Faible
101,Research & Development,Research Director,Male,3,13245,Yes,1,4,0,No,0.40410234717115034,Moyen
102,Research & Development,Research Director,Male,3,13664,No,3,4,0,No,0.27169852513804194,Faible
103,Human Resources,Human Resources,Male,2,5021,Yes,2,3,0,No,0.6974292615190949,Élevé
104,Research & Development,Laboratory Technician,Male,2,5126,Yes,4,2,3,No,0.5569953103652444,Moyen
105,Research & Development,Research Scientist,Male,1,2859,No,3,3,0,No,0.10452793238360554,Faible
106,Sales,Sales Executive,Male,3,10239,No,4,3,1,No,0.07397341803928442,Faible
107,Research & Development,Research Scientist,Female,2,5329,Yes,4,3,1,No,0.1080114644131287,Faible
110,Research & Development,Manufacturing Director,Male,2,4325,No,2,3,1,No,0.1518725365027208,Faible
112,Research & Development,Manufacturing Director,Male,3,7260,No,4,2,0,No,0.037658423802574344,Faible
113,Sales,Sales Representative,Male,1,2322,No,1,3,0,No,0.6904224321828931,Élevé
116,Research & Development,Laboratory Technician,Male,1,2075,No,4,3,0,No,0.14640111160368777,Faible
117,Research & Development,Healthcare Representative,Male,2,4152,No,4,3,10,No,0.09026524384210065,Faible
118,Sales,Sales Executive,Male,3,9619,No,4,3,4,Yes,0.15535051261842003,Faible
119,Research & Development,Healthcare Representative,Male,4,13503,No,2,2,11,No,0.24916106677995328,Faible
120,Sales,Sales Executive,Male,2,5441,Yes,4,1,1,No,0.846373147459828,Élevé
121,Sales,Sales Executive,Female,2,5209,Yes,2,2,2,No,0.2689132508840561,Faible
124,Research & Development,Healthcare Representative,Male,3,10673,Yes,1,2,9,No,0.5614580580678613,Moyen
125,Sales,Sales Executive,Male,2,5010,No,3,3,5,No,0.42453540729004435,Moyen
126,Research & Development,Research Director,Female,3,13549,No,3,1,0,No,0.1462770535986722,Faible
128,Sales,Sales Executive,Female,2,4999,No,3,2,0,No,0.2589813110477279,Faible
129,Sales,Sales Executive,Male,2,4221,No,3,4,0,No,0.26601446597324085,Faible
131,Sales,Sales Executive,Male,4,13872,No,3,2,1,No,0.02292291225885845,Faible
132,Research & Development,Laboratory Technician,Male,2,2042,No,2,4,1,No,0.46500844630919574,Moyen
133,Human Resources,Human Resources,Male,1,2073,Yes,1,3,0,Yes,0.7963607343484932,Élevé
134,Research & Development,Research Scientist,Male,1,2956,No,1,3,0,No,0.18171394228084864,Faible
137,Research & Development,Laboratory Technician,Female,1,2926,Yes,4,3,1,Yes,0.9067503105345829,Élevé
138,Research & Development,Research Scientist,Female,2,4809,No,3,3,2,No,0.025351696424820856,Faible
139,Research & Development,Healthcare Representative,Male,2,5163,No,4,4,0,No,0.055806475303978004,Faible
140,Human Resources,Manager,Female,5,18844,No,4,3,2,No,0.028780443317569286,Faible
141,Research & Development,Research Director,Female,5,18172,Yes,2,2,0,No,0.1271987388298487,Faible
142,Sales,Sales Executive,Male,2,5744,Yes,3,3,0,Yes,0.9126739991454776,Élevé
143,Research & Development,Research Scientist,Male,1,2889,No,4,3,2,No,0.07423853372158948,Faible
144,Research & Development,Laboratory Technician,Female,1,2871,No,4,3,0,No,0.5620738442457459,Moyen
145,Research & Development,Healthcare Representative,Female,3,7484,No,1,2,12,No,0.48734226091581306,Moyen
147,Research & Development,Laboratory Technician,Male,2,6074,Yes,3,3,0,Yes,0.907978917373601,Élevé
148,Human Resources,Manager,Female,4,17328,Yes,4,3,4,No,0.2612865329377894,Faible
150,Research & Development,Laboratory Technician,Male,1,2774,No,3,3,1,No,0.33723138926612906,Moyen
151,Research & Development,Research Scientist,Female,2,4505,No,2,3,0,No,0.13673305801559602,Faible
152,Sales,Sales Executive,Male,3,7428,No,4,3,1,No,0.30229727046813987,Faible
153,Research & Development,Manager,Female,3,11631,No,1,3,5,No,0.06643115728763171,Faible
154,Sales,Sales Executive,Female,3,9738,No,4,3,2,No,0.07699021905233061,Faible
155,Research & Development,Laboratory Technician,Female,1,2835,No,4,3,0,No,0.45979098438492094,Moyen
158,Sales,Manager,Male,4,16959,Yes,4,4,4,No,0.22172793970489155,Faible
159,Research & Development,Research Scientist,Male,1,2613,No,3,2,0,No,0.10615425872719257,Faible
160,Sales,Sales Executive,Male,2,6146,No,2,4,0,No,0.21942006928725166,Faible
161,Research & Development,Research Scientist,Female,1,4963,Yes,2,3,4,Yes,0.6853550542582304,Élevé
162,Research & Development,Research Director,Male,5,19537,No,3,3,15,No,0.16318435555964358,Faible
163,Sales,Sales Executive,Male,2,6172,Yes,3,2,7,Yes,0.922388195622729,Élevé
164,Research & Development,Research Scientist,Female,1,2368,No,2,2,4,No,0.09945237052879165,Faible
165,Research & Development,Healthcare Representative,Female,3,10312,No,4,2,15,Yes,0.06308999134657896,Faible
167,Sales,Sales Representative,Male,1,1675,Yes,3,2,0,Yes,0.9585091034230513,Élevé
169,Research & Development,Laboratory Technician,Male,1,2523,No,4,3,2,No,0.34972342187715516,Moyen
170,Research & Development,Manufacturing Director,Female,2,6567,No,1,2,5,No,0.051204340123905984,Faible
171,Research & Development,Research Scientist,Female,1,4739,No,3,3,1,No,0.20978166106477922,Faible
174,Sales,Sales Executive,Female,3,9208,No,4,3,2,No,0.4792296797432096,Moyen
175,Sales,Sales Executive,Female,2,4559,Yes,3,3,2,Yes,0.9495264862146681,Élevé
176,Sales,Sales Executive,Male,3,8189,Yes,3,3,0,No,0.3740846030296857,Moyen
177,Human Resources,Human Resources,Female,1,2942,No,3,3,5,No,0.11062145989777647,Faible
178,Research & Development,Manufacturing Director,Male,2,4941,No,2,3,0,No,0.35131392064222794,Moyen
179,Research & Development,Manufacturing Director,Male,3,10650,No,4,3,0,Yes,0.16004325443579775,Faible
182,Sales,Sales Executive,Female,2,5902,No,3,4,5,No,0.059469411942871475,Faible
183,Sales,Sales Executive,Male,2,8639,No,3,3,2,No,0.5981635500434133,Moyen
184,Human Resources,Human Resources,Male,2,6347,Yes,4,1,4,No,0.1979502406791463,Faible
190,Research & Development,Laboratory Technician,Female,1,4200,No,1,4,0,Yes,0.7875339309466505,Élevé
192,Research & Development,Research Scientist,Male,1,3452,No,4,2,0,No,0.2704224381186406,Faible
193,Research & Development,Research Scientist,Female,2,4317,Yes,3,3,2,No,0.5885994322292796,Moyen
194,Research & Development,Research Scientist,Female,1,2632,No,3,2,0,No,0.21969216296402255,Faible
195,Sales,Sales Executive,Male,2,4668,No,4,4,0,No,0.04792359136623924,Faible
197,Research & Development,Research Scientist,Female,1,3204,No,1,3,2,No,0.1838714479203717,Faible
198,Research & Development,Laboratory Technician,Male,1,2720,No,4,3,1,No,0.24417709904432183,Faible
199,Research & Development,Manager,Male,4,17181,No,1,2,7,No,0.21974414368735182,Faible
200,Research & Development,Laboratory Technician,Male,1,2238,No,1,3,1,No,0.3964917754676502,Moyen
201,Research & Development,Laboratory Technician,Female,1,1483,No,2,3,0,No,0.48595649624915205,Moyen
202,Research & Development,Research Scientist,Female,2,5605,No,2,3,2,No,0.05067714647034229,Faible
204,Sales,Sales Executive,Male,3,7295,No,2,3,0,No,0.1656260255438958,Faible
205,Sales,Sales Representative,Male,2,2306,Yes,3,1,4,No,0.7089256144626475,Élevé
206,Research & Development,Laboratory Technician,Male,2,2348,No,2,1,0,No,0.14761536781034187,Faible
207,Sales,Sales Executive,Female,3,8998,No,4,3,3,No,0.31968825571390314,Faible
208,Research & Development,Manufacturing Director,Male,2,4319,No,3,3,0,No,0.02024180170738919,Faible
211,Research & Development,Manufacturing Director,Male,2,6132,No,3,3,0,No,0.09513798357048335,Faible
214,Research & Development,Research Scientist,Female,1,3346,Yes,2,2,0,No,0.5542175908227642,Moyen
215,Sales,Sales Executive,Male,3,10855,No,4,2,2,No,0.26975953302527644,Faible
216,Sales,Sales Representative,Female,1,2231,No,3,3,1,No,0.6149454701521707,Moyen
217,Research & Development,Research Scientist,Male,1,2323,No,4,3,2,No,0.11572953180574469,Faible
218,Research & Development,Research Scientist,Male,1,2024,No,2,1,2,No,0.1637176263559353,Faible
221,Research & Development,Research Scientist,Male,1,2713,No,4,1,0,No,0.16533771520900348,Faible
223,Research & Development,Healthcare Representative,Male,3,9439,Yes,4,1,1,No,0.35108061909747246,Moyen
224,Research & Development,Research Scientist,Male,1,2566,Yes,3,2,0,No,0.289602146354298,Faible
226,Research & Development,Manager,Female,5,19926,No,2,3,4,No,0.04852406903424023,Faible
227,Research & Development,Research Scientist,Male,1,2451,No,3,3,1,No,0.10876524990347677,Faible
228,Sales,Sales Executive,Female,3,9419,No,4,3,7,No,0.15688684428173602,Faible
230,Sales,Sales Executive,Female,2,8686,No,4,4,0,No,0.2834165168280626,Faible
231,Research & Development,Research Scientist,Male,1,3038,No,3,3,1,No,0.40083710110484305,Moyen
233,Research & Development,Research Scientist,Male,1,3058,Yes,2,2,1,No,0.471321074440509,Moyen
235,Sales,Sales Representative,Female,1,2325,No,1,4,0,Yes,0.9388652665735878,Élevé
238,Research & Development,Laboratory Technician,Male,1,2088,No,2,2,7,No,0.6854928162256145,Élevé
239,Research & Development,Laboratory Technician,Male,2,3072,No,1,3,6,No,0.21975093508196786,Faible
240,Sales,Sales Executive,Female,2,5006,Yes,1,4,0,No,0.597460072837756,Moyen
241,Research & Development,Research Scientist,Female,1,4257,Yes,1,3,2,No,0.137939508134314,Faible
242,Research & Development,Research Scientist,Male,1,2500,No,4,4,0,No,0.16703119571062672,Faible
243,Research & Development,Laboratory Technician,Male,1,1102,No,4,2,1,Yes,0.8208161537148553,Élevé
244,Sales,Sales Executive,Female,3,10453,No,1,3,15,No,0.18160074769058146,Faible
245,Research & Development,Laboratory Technician,Female,1,2288,No,4,3,2,No,0.3269871116492321,Faible
246,Research & Development,Research Scientist,Female,1,3929,Yes,4,3,0,No,0.6745070835103252,Élevé
247,Research & Development,Research Scientist,Female,1,2311,No,2,3,1,No,0.16642355889367882,Faible
248,Sales,Sales Representative,Female,1,3140,Yes,2,2,0,Yes,0.9067078492683154,Élevé
249,Research & Development,Laboratory Technician,Male,1,3690,No,3,2,0,No,0.18798846938152272,Faible
250,Research & Development,Manufacturing Director,Female,2,4450,No,1,3,1,No,0.03240873669661823,Faible
252,Research & Development,Research Scientist,Female,1,2756,No,2,3,1,No,0.017697513411402934,Faible
253,Research & Development,Manager,Female,5,19033,No,3,3,9,No,0.01684707480546863,Faible
254,Research & Development,Research Director,Male,5,18722,No,2,3,2,No,0.013259916263712042,Faible
256,Research & Development,Manufacturing Director,Male,2,9547,No,3,2,1,No,0.022749605472985383,Faible
258,Research & Development,Healthcare Representative,Female,4,13734,No,2,3,1,No,0.030444414064505335,Faible
259,Research & Development,Manager,Male,5,19999,No,3,3,11,No,0.013533954671443721,Faible
260,Research & Development,Research Scientist,Female,1,2279,No,2,2,0,No,0.057650434734676126,Faible
261,Research & Development,Manufacturing Director,Male,2,5916,Yes,3,3,0,Yes,0.8813657097036005,Élevé
262,Research & Development,Research Scientist,Male,1,2089,No,4,4,2,No,0.010432309696283459,Faible
264,Research & Development,Manager,Male,4,16792,No,4,3,11,No,0.24085980129860082,Faible
267,Research & Development,Research Scientist,Male,1,3564,Yes,1,2,1,No,0.5223404519235082,Moyen
269,Research & Development,Laboratory Technician,Female,2,4425,No,2,3,1,No,0.7605592005006613,Élevé
270,Research & Development,Manufacturing Director,Female,2,5265,No,3,3,0,No,0.035541503382115654,Faible
271,Research & Development,Manufacturing Director,Male,2,6553,No,3,3,0,No,0.21407318765613875,Faible
273,Research & Development,Manufacturing Director,Male,2,6261,No,4,1,1,No,0.09572336007082334,Faible
274,Research & Development,Manufacturing Director,Male,2,4298,No,1,3,2,No,0.6307049666293647,Moyen
275,Research & Development,Manufacturing Director,Male,2,6804,Yes,4,3,1,No,0.12625005204591358,Faible
277,Research & Development,Research Scientist,Male,1,3815,Yes,3,4,2,No,0.3579193960972015,Moyen
281,Research & Development,Laboratory Technician,Male,2,2741,Yes,4,4,3,No,0.8275617555095167,Élevé
282,Research & Development,Healthcare Representative,Male,2,6673,Yes,1,3,0,Yes,0.8394356343586903,Élevé
283,Sales,Sales Executive,Female,3,7639,No,4,2,1,Yes,0.191477243840016,Faible
284,Research & Development,Research Scientist,Male,1,2328,Yes,2,2,2,No,0.398845423789631,Moyen
286,Research & Development,Laboratory Technician,Female,1,2153,No,4,3,1,No,0.5796510037049417,Moyen
287,Research & Development,Healthcare Representative,Male,2,4876,No,4,1,0,No,0.24752620472740472,Faible
288,Research & Development,Healthcare Representative,Male,3,9396,No,1,3,0,No,0.08627743192343597,Faible
291,Sales,Sales Executive,Male,3,10400,No,4,2,9,Yes,0.28397530070298654,Faible
292,Research & Development,Manufacturing Director,Male,3,8474,No,3,3,5,No,0.1185388166374553,Faible
293,Sales,Sales Executive,Female,2,9981,No,3,3,0,No,0.17919624147880098,Faible
296,Research & Development,Research Director,Male,3,12490,No,2,1,4,No,0.03302323066664819,Faible
297,Research & Development,Research Scientist,Female,1,2657,Yes,1,3,0,Yes,0.6618031216533554,Élevé
298,Sales,Manager,Female,3,13591,Yes,4,3,0,No,0.3420527841248196,Moyen
299,Sales,Sales Executive,Female,2,6696,No,1,2,0,Yes,0.9360112777303814,Élevé
300,Research & Development,Research Scientist,Male,1,2058,No,3,2,1,Yes,0.11176955069413438,Faible
302,Sales,Sales Executive,Female,3,8865,No,4,3,12,No,0.3526242784374429,Moyen
303,Sales,Sales Executive,Female,2,5940,No,1,3,0,No,0.035919886346634,Faible
304,Research & Development,Laboratory Technician,Male,2,5914,No,2,4,3,No,0.2337349056960932,Faible
305,Research & Development,Research Scientist,Female,1,2622,No,2,3,1,No,0.3528223230409708,Moyen
306,Research & Development,Research Director,Male,3,12185,Yes,4,3,0,No,0.12095726881730452,Faible
307,Sales,Sales Executive,Male,3,10609,No,3,2,5,No,0.0434597427057266,Faible
308,Research & Development,Manufacturing Director,Male,2,4345,No,3,3,1,No,0.06736981609560132,Faible
309,Research & Development,Research Scientist,Male,1,2177,No,4,3,0,No,0.07502185865780174,Faible
311,Sales,Sales Representative,Male,1,2793,No,4,3,5,No,0.5242743976756107,Moyen
312,Sales,Sales Executive,Female,3,7918,No,4,3,4,No,0.10045372462457736,Faible
314,Sales,Sales Executive,Female,3,8789,No,3,4,0,No,0.23410084656771246,Faible
315,Research & Development,Research Scientist,Male,1,2389,Yes,4,2,0,Yes,0.686157923642875,Élevé
316,Research & Development,Laboratory Technician,Female,1,3212,No,4,2,2,No,0.5041614886796207,Moyen
319,Research & Development,Manager,Male,5,19232,No,4,3,11,No,0.018775060740365463,Faible
321,Human Resources,Human Resources,Male,1,2267,No,3,2,2,No,0.33849786853975655,Moyen
323,Sales,Manager,Female,5,19517,No,4,2,0,No,0.007562844972819306,Faible
325,Research & Development,Laboratory Technician,Male,1,2436,Yes,4,1,0,Yes,0.7805420299183661,Élevé
327,Sales,Manager,Female,4,16064,Yes,4,3,1,No,0.17406511425623414,Faible
328,Research & Development,Laboratory Technician,Female,1,2707,No,1,4,1,Yes,0.5892952409509314,Moyen
329,Sales,Manager,Male,5,19068,Yes,3,4,15,No,0.5982768692881599,Moyen
330,Sales,Sales Representative,Female,1,3931,No,2,3,1,No,0.2712924406467725,Faible
331,Research & Development,Laboratory Technician,Male,1,3730,Yes,3,1,1,Yes,0.7915031799712675,Élevé
332,Research & Development,Laboratory Technician,Female,1,2232,No,3,3,1,No,0.18557667301105907,Faible
333,Sales,Sales Executive,Male,2,4465,No,4,3,2,No,0.5193757066167379,Moyen
334,Research & Development,Research Scientist,Male,2,3072,No,1,2,0,No,0.07812361684958205,Faible
335,Research & Development,Research Scientist,Male,2,3319,No,4,3,4,No,0.09056235759726562,Faible
336,Research & Development,Manager,Male,5,19202,No,4,3,1,No,0.010108882042997236,Faible
337,Research & Development,Research Director,Male,3,13675,No,3,3,2,No,0.5129648648976547,Moyen
338,Research & Development,Research Scientist,Female,1,2911,No,4,2,0,No,0.06244399845352813,Faible
339,Research & Development,Manufacturing Director,Male,2,5957,No,1,3,5,No,0.21589546646755958,Faible
340,Research & Development,Research Scientist,Female,1,3920,No,1,2,0,No,0.04676490406547121,Faible
341,Research & Development,Manufacturing Director,Male,2,6434,No,3,3,0,No,0.12113904515069145,Faible
342,Research & Development,Manufacturing Director,Male,3,10048,No,3,3,0,Yes,0.34139693773227375,Moyen
343,Research & Development,Healthcare Representative,Female,3,10938,No,3,3,11,No,0.263418270356508,Faible
346,Research & Development,Research Scientist,Male,1,2340,No,4,3,1,No,0.14277494009231784,Faible
347,Research & Development,Research Scientist,Female,2,6545,Yes,1,3,0,No,0.4658526115634195,Moyen
349,Sales,Sales Executive,Male,2,6931,No,4,3,0,No,0.14935293085870022,Faible
350,Research & Development,Manufacturing Director,Female,2,4898,No,3,3,1,No,0.06404901605238351,Faible
351,Research & Development,Laboratory Technician,Female,1,2593,Yes,1,3,7,No,0.5789855697442342,Moyen
352,Research & Development,Research Director,Male,5,19436,No,3,3,3,No,0.003555624268711433,Faible
353,Research & Development,Research Scientist,Male,1,2723,No,4,2,0,No,0.1197427967545715,Faible
355,Research & Development,Laboratory Technician,Male,1,3479,No,2,4,1,Yes,0.8645328773356401,Élevé
359,Research & Development,Laboratory Technician,Male,1,2794,No,2,1,0,No,0.5751232574960413,Moyen
361,Sales,Sales Executive,Male,2,5249,No,4,3,7,No,0.08186363262623289,Faible
362,Research & Development,Laboratory Technician,Male,2,2176,No,1,3,0,No,0.6897169720748957,Élevé
363,Sales,Manager,Female,4,16872,Yes,2,2,7,No,0.5308554968564217,Moyen
364,Research & Development,Laboratory Technician,Male,1,3485,No,3,1,0,Yes,0.722762068668091,Élevé
366,Sales,Sales Executive,Male,2,6644,No,2,3,0,No,0.25395484779209904,Faible
367,Research & Development,Healthcare Representative,Male,2,5582,No,4,3,7,No,0.32668021621067095,Faible
369,Research & Development,Healthcare Representative,Male,2,4000,No,1,3,1,No,0.0828623064329804,Faible
372,Research & Development,Healthcare Representative,Male,4,13496,Yes,4,3,4,No,0.13017831999806978,Faible
373,Research & Development,Laboratory Technician,Male,1,3210,No,4,3,10,No,0.04509334186651419,Faible
374,Research & Development,Manager,Male,5,19045,Yes,1,3,4,No,0.05231745869069348,Faible
376,Research & Development,Manager,Male,3,11849,Yes,2,2,9,Yes,0.7221067089830566,Élevé
377,Research & Development,Research Scientist,Male,1,2070,No,4,2,0,No,0.035835228245434475,Faible
378,Sales,Sales Executive,Male,2,6502,No,4,4,0,No,0.2863995808729756,Faible
379,Research & Development,Research Scientist,Male,1,3230,No,3,4,1,No,0.20931350386188433,Faible
380,Research & Development,Research Director,Female,3,13603,Yes,4,3,0,No,0.09449432377107127,Faible
381,Research & Development,Manager,Female,3,11996,No,2,2,6,No,0.27602135950014556,Faible
382,Sales,Sales Executive,Female,2,5605,Yes,1,3,7,No,0.8136405956966201,Élevé
384,Research & Development,Manufacturing Director,Female,2,6397,No,2,1,1,No,0.12885579573602826,Faible
385,Research & Development,Research Director,Male,5,19144,No,2,2,1,No,0.015479453915042204,Faible
386,Research & Development,Research Director,Male,4,17584,Yes,3,2,1,No,0.02778520053827183,Faible
387,Sales,Sales Executive,Male,2,4907,No,3,3,11,No,0.18271825307651804,Faible
388,Sales,Sales Executive,Male,2,4554,No,4,2,0,No,0.27234381250373435,Faible
389,Research & Development,Laboratory Technician,Male,2,5415,Yes,4,3,0,No,0.40636374661904806,Moyen
390,Research & Development,Healthcare Representative,Male,2,4741,Yes,1,3,3,No,0.902149578048433,Élevé
391,Research & Development,Research Scientist,Female,1,2115,No,4,3,5,No,0.01777724465819664,Faible
392,Research & Development,Laboratory Technician,Male,1,3161,Yes,3,1,0,Yes,0.8071870502376006,Élevé
393,Research & Development,Healthcare Representative,Male,2,5745,No,4,3,1,No,0.43383055387924535,Moyen
394,Research & Development,Laboratory Technician,Male,1,2373,Yes,2,3,0,Yes,0.8418155332121837,Élevé
395,Research & Development,Research Scientist,Female,1,3310,No,4,3,0,No,0.0575411838410819,Faible
396,Research & Development,Research Director,Female,5,18665,Yes,1,3,1,No,0.7866083881235008,Élevé
397,Research & Development,Research Scientist,Male,2,4485,No,2,3,7,No,0.5062793801290091,Moyen
399,Sales,Sales Representative,Female,1,2789,No,2,2,2,No,0.6014194475961568,Moyen
401,Sales,Sales Executive,Male,2,5828,Yes,4,3,7,Yes,0.9291204280512593,Élevé
403,Research & Development,Research Scientist,Male,1,2326,Yes,4,2,1,No,0.42074194223595834,Moyen
404,Sales,Sales Executive,Female,4,13525,No,2,4,4,No,0.452075654794886,Moyen
405,Research & Development,Laboratory Technician,Male,1,1420,No,3,3,0,Yes,0.7240204964057955,Élevé
406,Sales,Sales Executive,Male,3,8020,No,2,2,6,No,0.14573824301673,Faible
407,Research & Development,Laboratory Technician,Male,1,3688,No,4,3,0,No,0.4135149552228821,Moyen
408,Research & Development,Manufacturing Director,Male,2,5482,No,2,3,1,No,0.060002960985742725,Faible
410,Sales,Manager,Male,4,16015,No,2,3,0,No,0.07046058485244552,Faible
411,Sales,Sales Representative,Female,1,1200,No,3,3,0,No,0.8018005629168868,Élevé
412,Research & Development,Healthcare Representative,Male,2,5661,No,1,3,0,No,0.08917464323596633,Faible
416,Sales,Sales Executive,Male,2,6929,No,4,2,7,No,0.5454989671373225,Moyen
417,Research & Development,Healthcare Representative,Male,3,9613,No,4,2,3,No,0.0037188417067981977,Faible
419,Research & Development,Laboratory Technician,Female,2,5674,No,2,3,0,No,0.2565984336272381,Faible
420,Sales,Sales Executive,Male,2,5484,No,3,2,4,No,0.11489701657151029,Faible
421,Research & Development,Research Director,Female,3,12061,No,2,3,0,No,0.08738318958038366,Faible
422,Research & Development,Healthcare Representative,Male,2,5660,Yes,3,3,1,No,0.23976404844300583,Faible
423,Research & Development,Research Scientist,Male,1,4821,Yes,4,3,0,No,0.265688503403112,Faible
424,Human Resources,Human Resources,Male,2,6410,No,1,3,1,No,0.6343290643211825,Moyen
425,Research & Development,Laboratory Technician,Male,3,5210,No,1,3,9,No,0.3725737939929723,Moyen
426,Research & Development,Research Scientist,Male,1,2695,Yes,4,1,2,No,0.3380038086852093,Moyen
428,Research & Development,Manager,Female,3,11878,No,2,3,8,No,0.3317835999028916,Moyen
429,Research & Development,Manager,Male,4,17068,Yes,1,3,11,No,0.4293759682584151,Moyen
430,Research & Development,Laboratory Technician,Female,1,2455,No,4,3,1,No,0.18606949682430216,Faible
431,Research & Development,Healthcare Representative,Female,4,13964,Yes,3,3,0,No,0.32786552758109144,Faible
433,Research & Development,Research Scientist,Male,2,4941,No,2,2,7,Yes,0.23873131836261235,Faible
434,Research & Development,Research Scientist,Female,1,2478,Yes,2,2,1,No,0.6153623212122817,Moyen
436,Sales,Sales Executive,Female,2,5228,Yes,2,3,11,No,0.8226149326527057,Élevé
437,Sales,Sales Executive,Male,2,4478,Yes,3,3,0,No,0.7456863347809809,Élevé
438,Sales,Sales Executive,Male,2,7547,No,4,3,1,No,0.05123059767997541,Faible
439,Research & Development,Research Scientist,Female,2,5055,No,4,2,0,No,0.09792851724251674,Faible
440,Research & Development,Research Scientist,Male,1,3464,Yes,4,2,2,Yes,0.7779336836866072,Élevé
441,Research & Development,Research Scientist,Female,2,5775,No,4,3,1,No,0.00846969082885771,Faible
442,Research & Development,Manufacturing Director,Female,3,8943,No,3,3,8,No,0.18213104923788426,Faible
444,Research & Development,Manager,Male,5,19272,No,4,3,13,No,0.33030857696367416,Moyen
445,Sales,Sales Executive,Female,2,5238,Yes,3,2,0,Yes,0.520947432621987,Moyen
446,Sales,Sales Executive,Male,2,4682,No,4,2,0,No,0.7400837006724065,Élevé
447,Research & Development,Research Director,Male,5,18300,No,3,3,1,No,0.0319612347245283,Faible
448,Research & Development,Laboratory Technician,Female,2,5257,No,3,4,0,No,0.36195693582936833,Moyen
449,Sales,Sales Executive,Male,2,6349,Yes,2,3,1,No,0.6136078998357459,Moyen
450,Research & Development,Research Scientist,Female,2,4869,No,3,2,0,No,0.06728727600452837,Faible
451,Research & Development,Healthcare Representative,Female,3,9985,No,1,2,0,No,0.3326222903653177,Moyen
452,Research & Development,Research Scientist,Male,2,3697,No,4,3,9,No,0.20152415701539467,Faible
453,Sales,Sales Executive,Male,2,7457,Yes,4,2,0,No,0.5448241954142645,Moyen
454,Research & Development,Laboratory Technician,Male,1,2119,Yes,1,2,0,Yes,0.8336662902894971,Élevé
455,Research & Development,Laboratory Technician,Male,1,3983,No,4,3,2,No,0.4818385960992462,Moyen
456,Sales,Sales Executive,Female,2,6118,No,3,3,1,No,0.07960853058680323,Faible
458,Sales,Sales Executive,Female,2,6214,No,2,3,0,No,0.12947270032904246,Faible
460,Research & Development,Manufacturing Director,Male,2,6347,No,4,2,0,No,0.05334234638549933,Faible
461,Research & Development,Research Director,Male,3,11510,Yes,4,3,2,No,0.14043804220490658,Faible
462,Research & Development,Manufacturing Director,Female,3,7143,Yes,4,2,4,No,0.22876838249793202,Faible
463,Sales,Sales Executive,Female,2,8268,Yes,2,3,1,No,0.5352143591108218,Moyen
464,Research & Development,Manufacturing Director,Male,3,8095,No,2,3,0,No,0.022846487639510114,Faible
465,Research & Development,Research Scientist,Male,1,2904,No,4,2,0,No,0.09135886606334896,Faible
466,Research & Development,Manufacturing Director,Male,2,6032,Yes,2,3,1,No,0.772427341092545,Élevé
467,Sales,Sales Representative,Male,2,2976,No,3,3,0,No,0.7197809019963269,Élevé
468,Research & Development,Research Director,Female,4,15992,No,4,3,0,No,0.18740927007324976,Faible
469,Sales,Sales Executive,Male,2,4649,No,3,2,0,No,0.19388642936064543,Faible
470,Human Resources,Human Resources,Male,1,2696,Yes,3,3,1,No,0.5427760117542234,Moyen
471,Research & Development,Laboratory Technician,Female,1,2370,No,2,3,0,No,0.0874633446786053,Faible
473,Sales,Manager,Female,3,12504,No,3,1,0,No,0.4225934227473586,Moyen
474,Research & Development,Research Scientist,Male,2,5974,Yes,1,3,6,No,0.3263574726774025,Faible
475,Sales,Sales Executive,Female,2,4736,Yes,3,4,2,No,0.951039518036188,Élevé
476,Sales,Sales Executive,Male,2,5296,No,3,3,7,No,0.1874470416840019,Faible
477,Research & Development,Healthcare Representative,Male,2,6781,No,4,3,0,No,0.20934067476745477,Faible
478,Sales,Sales Representative,Female,1,2174,Yes,2,3,1,Yes,0.9829650631087635,Élevé
479,Sales,Sales Executive,Female,2,6653,No,4,3,0,No,0.22192158194454586,Faible
481,Sales,Sales Executive,Male,3,9699,No,4,3,1,No,0.27372464170743876,Faible
482,Research & Development,Healthcare Representative,Male,2,6755,No,3,3,1,No,0.04400623911866712,Faible
483,Research & Development,Laboratory Technician,Female,1,2213,Yes,3,3,1,No,0.2487037725289783,Faible
484,Sales,Sales Representative,Male,1,2610,No,4,2,2,No,0.6881501474006683,Élevé
485,Sales,Sales Representative,Female,1,2851,Yes,3,3,0,Yes,0.9251538927262735,Élevé
486,Research & Development,Laboratory Technician,Female,1,3452,No,1,3,0,No,0.35013768053809285,Moyen
487,Research & Development,Manufacturing Director,Female,2,5258,No,3,4,0,No,0.052626638469685204,Faible
488,Sales,Sales Executive,Male,2,9355,No,2,3,7,Yes,0.6621886610356498,Élevé
491,Research & Development,Healthcare Representative,Male,3,10496,No,4,3,1,No,0.12766515212400448,Faible
492,Sales,Sales Executive,Male,2,6380,Yes,3,3,1,Yes,0.8803893001566637,Élevé
493,Research & Development,Research Scientist,Male,1,2657,Yes,2,3,2,No,0.6616697236489426,Élevé
494,Sales,Sales Representative,Female,1,2716,No,2,3,0,Yes,0.7031323682488834,Élevé
495,Research & Development,Research Scientist,Male,1,2201,No,4,3,1,No,0.42014116172934884,Moyen
496,Research & Development,Healthcare Representative,Male,2,6540,No,2,3,0,No,0.6132181248275682,Moyen
497,Research & Development,Laboratory Technician,Male,1,3816,No,2,3,0,No,0.15105816623258986,Faible
498,Sales,Sales Executive,Male,2,5253,No,4,3,0,No,0.27626323769560124,Faible
499,Research & Development,Healthcare Representative,Male,3,10965,No,3,3,0,No,0.2083216857879758,Faible
500,Sales,Sales Executive,Female,2,4936,No,4,2,0,No,0.039853360392821245,Faible
501,Research & Development,Research Scientist,Female,1,2543,No,3,3,2,No,0.09865719033243443,Faible
502,Sales,Sales Executive,Male,2,5304,Yes,4,2,0,Yes,0.9585013093836079,Élevé
505,Research & Development,Manager,Female,4,16659,Yes,4,3,1,No,0.050981296702686175,Faible
507,Sales,Sales Executive,Female,2,4260,Yes,3,4,0,No,0.5450691256841275,Moyen
508,Sales,Sales Representative,Male,1,2476,No,2,3,0,No,0.5989497624221558,Moyen
510,Research & Development,Research Scientist,Male,1,3102,No,1,3,0,Yes,0.3361076325206091,Moyen
511,Research & Development,Research Scientist,Female,1,2244,No,2,3,1,No,0.23059745419598207,Faible
513,Sales,Sales Executive,Male,3,7596,No,3,3,9,No,0.5663727308798269,Moyen
514,Research & Development,Research Scientist,Male,1,2285,Yes,4,3,0,Yes,0.9674864785986189,Élevé
515,Research & Development,Laboratory Technician,Female,1,3034,No,1,2,12,No,0.1430004193046071,Faible
516,Sales,Sales Executive,Female,2,5715,No,2,3,1,No,0.23224699302323606,Faible
517,Research & Development,Laboratory Technician,Female,1,2576,No,1,3,1,No,0.3333076667049183,Moyen
518,Research & Development,Manufacturing Director,Male,2,4197,Yes,2,2,0,No,0.5180887718410113,Moyen
520,Research & Development,Research Director,Male,4,14336,No,2,3,3,No,0.03573923984213645,Faible
521,Research & Development,Laboratory Technician,Female,2,3448,No,3,3,0,No,0.39898438204243797,Moyen
522,Research & Development,Research Director,Male,5,19406,No,1,2,1,No,0.055516093229701025,Faible
523,Sales,Sales Executive,Female,2,6538,No,3,3,1,No,0.527611733249568,Moyen
524,Research & Development,Manufacturing Director,Female,2,4306,No,1,1,3,No,0.04076159062913686,Faible
525,Research & Development,Laboratory Technician,Male,1,2258,No,4,3,1,No,0.8551031910569569,Élevé
526,Research & Development,Healthcare Representative,Female,2,4522,Yes,3,3,0,No,0.293607929814611,Faible
527,Sales,Sales Executive,Female,2,4487,Yes,4,3,1,No,0.8479188997236019,Élevé
529,Research & Development,Research Scientist,Female,2,4449,Yes,3,3,10,No,0.5353138815721182,Moyen
530,Research & Development,Laboratory Technician,Male,1,2218,No,1,3,3,No,0.5060526571667172,Moyen
531,Research & Development,Manager,Male,5,19197,Yes,3,3,1,No,0.11235820613421002,Faible
532,Sales,Sales Executive,Female,4,13212,No,1,2,7,No,0.10537875949202771,Faible
533,Sales,Sales Executive,Female,2,6577,No,3,3,4,No,0.5224246430714364,Moyen
534,Sales,Sales Executive,Male,3,8392,No,1,3,0,No,0.09943621924888299,Faible
536,Research & Development,Laboratory Technician,Male,2,4558,No,1,3,1,No,0.24222663100481548,Faible
538,Research & Development,Laboratory Technician,Male,1,4031,No,1,3,0,Yes,0.5989223351041159,Moyen
543,Research & Development,Manufacturing Director,Male,3,7969,Yes,3,3,0,No,0.07555572581303922,Faible
544,Research & Development,Research Scientist,Male,1,2654,No,4,2,0,No,0.09622347320154909,Faible
546,Research & Development,Manager,Female,4,16555,No,4,1,1,No,0.0024330135915290514,Faible
547,Research & Development,Research Scientist,Female,2,4556,No,3,3,0,No,0.17458822891178058,Faible
548,Research & Development,Manufacturing Director,Female,2,6091,No,4,3,0,No,0.2131106432595576,Faible
549,Research & Development,Manager,Female,5,19566,No,1,1,11,No,0.11283234678638186,Faible
550,Research & Development,Manufacturing Director,Female,2,4810,No,3,2,0,No,0.008280333395449589,Faible
551,Research & Development,Healthcare Representative,Female,2,4523,No,4,4,0,No,0.06278538580512102,Faible
554,Sales,Sales Representative,Female,1,3202,Yes,2,3,1,Yes,0.8545618338445256,Élevé
555,Sales,Sales Representative,Female,1,2351,No,3,2,1,Yes,0.5103322685586421,Moyen
556,Research & Development,Laboratory Technician,Male,1,1702,Yes,4,3,0,No,0.6852280800209815,Élevé
558,Sales,Manager,Female,5,18041,No,3,3,1,No,0.004178797644674896,Faible
560,Research & Development,Research Scientist,Female,1,2886,No,4,1,0,No,0.13445505813996073,Faible
562,Research & Development,Laboratory Technician,Male,1,2097,No,4,1,1,No,0.1412905278957303,Faible
564,Research & Development,Research Director,Male,3,11935,No,3,3,0,No,0.05118568494830068,Faible
565,Research & Development,Research Scientist,Female,1,2546,No,2,4,1,Yes,0.6265501632343741,Moyen
566,Human Resources,Human Resources,Male,1,2564,No,4,4,0,Yes,0.7059407493182358,Élevé
567,Sales,Sales Executive,Female,3,8412,No,1,3,7,No,0.23988842546669634,Faible
568,Sales,Manager,Male,4,14118,No,4,2,0,No,0.25905041521516714,Faible
569,Research & Development,Manager,Male,4,17046,No,3,3,15,No,0.22530491563032928,Faible
571,Research & Development,Laboratory Technician,Female,1,2564,No,4,2,6,No,0.1183285064929886,Faible
573,Sales,Sales Executive,Female,3,10266,No,1,4,13,No,0.3593613010713961,Moyen
574,Research & Development,Manufacturing Director,Female,2,5070,No,4,3,0,No,0.016948848529897156,Faible
575,Research & Development,Research Director,Male,4,17861,No,3,1,0,No,0.054482087704738634,Faible
577,Research & Development,Laboratory Technician,Male,1,4230,No,3,3,4,No,0.7074577095462953,Élevé
578,Research & Development,Laboratory Technician,Female,2,3780,No,3,3,0,No,0.4782391025004433,Moyen
579,Research & Development,Research Scientist,Male,1,2768,No,3,3,5,No,0.04904614336767505,Faible
580,Sales,Sales Executive,Female,3,9071,Yes,4,3,1,No,0.3464144050190966,Moyen
581,Research & Development,Manufacturing Director,Male,3,10648,No,2,4,0,No,0.009307286004736523,Faible
582,Research & Development,Manager,Male,3,13610,Yes,3,4,7,Yes,0.6564160477379504,Moyen
584,Research & Development,Laboratory Technician,Male,1,3408,No,4,3,1,Yes,0.6376167477992536,Moyen
585,Sales,Sales Representative,Male,1,2983,No,2,3,1,No,0.6796811144020722,Élevé
586,Research & Development,Healthcare Representative,Male,3,7632,Yes,3,3,0,No,0.585483186403066,Moyen
587,Research & Development,Healthcare Representative,Male,3,9824,No,3,3,0,Yes,0.6899286736086934,Élevé
590,Human Resources,Human Resources,Female,3,9950,Yes,1,3,0,Yes,0.8999244528173115,Élevé
591,Research & Development,Laboratory Technician,Male,1,2093,No,3,3,2,No,0.31970028220843294,Faible
592,Sales,Sales Executive,Male,3,9980,No,4,2,9,No,0.4686649373646669,Moyen
593,Research & Development,Laboratory Technician,Male,1,3894,No,3,3,1,Yes,0.8215984486628536,Élevé
595,Sales,Sales Executive,Female,2,4051,No,4,3,6,No,0.23796329643915132,Faible
597,Sales,Manager,Female,4,16835,No,2,3,7,No,0.09632207653924117,Faible
599,Sales,Sales Executive,Male,2,6230,No,4,3,1,No,0.20337480542949743,Faible
600,Sales,Sales Executive,Male,2,4717,No,3,3,6,No,0.6682318758741214,Élevé
601,Research & Development,Manufacturing Director,Female,4,13237,No,3,3,5,No,0.12741689706493786,Faible
602,Research & Development,Laboratory Technician,Female,1,3755,No,3,3,0,No,0.20864123357642675,Faible
604,Sales,Sales Executive,Male,2,6582,Yes,4,4,0,No,0.689694046677216,Élevé
605,Research & Development,Manufacturing Director,Male,3,7406,Yes,1,2,5,No,0.5022486992059779,Moyen
606,Sales,Sales Executive,Male,2,4805,No,2,4,3,No,0.04394236885938623,Faible
608,Human Resources,Human Resources,Female,1,2741,Yes,3,2,1,Yes,0.8350786425084483,Élevé
611,Research & Development,Manufacturing Director,Male,2,4262,No,4,4,1,No,0.27980177935048023,Faible
612,Research & Development,Research Director,Female,4,16184,No,3,3,0,No,0.03120424923637437,Faible
613,Sales,Manager,Male,3,11557,No,4,2,0,No,0.5871469191373114,Moyen
614,Sales,Sales Representative,Male,1,1878,Yes,2,3,0,Yes,0.9792005599124548,Élevé
615,Sales,Sales Executive,Male,3,10932,No,1,3,0,No,0.2947006438829892,Faible
616,Research & Development,Healthcare Representative,Female,2,6811,Yes,3,3,0,No,0.35710119102101956,Moyen
618,Sales,Sales Executive,Male,2,4306,No,3,3,0,No,0.7688101007959935,Élevé
620,Sales,Sales Executive,Female,2,4859,No,3,3,0,No,0.27473912825062485,Faible
621,Sales,Sales Executive,Male,2,5337,No,4,3,5,No,0.3314061017764713,Moyen
622,Research & Development,Laboratory Technician,Male,1,2340,Yes,4,1,0,Yes,0.9825938239547491,Élevé
623,Research & Development,Manufacturing Director,Female,3,7491,No,4,4,1,No,0.10529295931879779,Faible
624,Research & Development,Healthcare Representative,Female,3,10527,No,3,2,1,No,0.11459190473817733,Faible
625,Sales,Manager,Female,4,16595,No,1,3,11,No,0.23171424137499982,Faible
626,Sales,Sales Executive,Male,3,8834,No,2,3,7,No,0.34907484606125605,Moyen
630,Research & Development,Research Scientist,Male,2,5577,Yes,1,3,6,No,0.1829936969879936,Faible
631,Sales,Sales Executive,Male,2,4707,No,3,3,1,Yes,0.40706563428764486,Moyen
632,Sales,Sales Representative,Male,1,2400,No,4,3,2,No,0.5791428446693492,Moyen
634,Research & Development,Healthcare Representative,Female,2,9824,No,3,3,0,No,0.017164875710412756,Faible
635,Research & Development,Manufacturing Director,Female,2,6447,No,2,2,4,No,0.3451335315278334,Moyen
638,Research & Development,Research Director,Male,5,19502,Yes,3,3,0,No,0.02055602464990013,Faible
639,Research & Development,Research Scientist,Male,1,2725,Yes,4,3,1,No,0.42724924131567477,Moyen
641,Sales,Sales Executive,Male,2,6272,No,2,4,1,No,0.5655495594035919,Moyen
643,Research & Development,Laboratory Technician,Male,1,2127,No,2,3,0,No,0.5659709210259514,Moyen
644,Human Resources,Manager,Male,5,18200,No,2,3,10,No,0.1813236629155318,Faible
645,Sales,Sales Representative,Male,1,2096,No,3,3,0,No,0.4191777575873593,Moyen
647,Research & Development,Laboratory Technician,Female,1,2886,Yes,3,3,1,Yes,0.7204146677874105,Élevé
648,Sales,Sales Representative,Male,1,2033,No,1,4,0,Yes,0.8413409703889783,Élevé
649,Research & Development,Research Scientist,Male,1,3622,Yes,4,3,1,No,0.2855349545629412,Faible
650,Sales,Sales Executive,Male,2,4233,No,1,1,1,Yes,0.4596372095935027,Moyen
652,Research & Development,Laboratory Technician,Male,2,3681,No,4,3,0,No,0.7452800778134603,Élevé
653,Sales,Sales Executive,Male,2,5460,No,4,4,5,No,0.16477916045356353,Faible
655,Research & Development,Research Scientist,Female,1,2187,No,3,2,0,No,0.05582583068260777,Faible
656,Sales,Sales Executive,Male,2,9602,Yes,3,2,1,No,0.6714027960631525,Élevé
657,Research & Development,Research Scientist,Female,1,2836,No,2,4,0,No,0.202031754139432,Faible
659,Research & Development,Healthcare Representative,Female,2,4089,No,4,3,2,No,0.04913452809697493,Faible
661,Research & Development,Research Director,Male,4,16627,Yes,4,2,0,No,0.21893292119302368,Faible
662,Research & Development,Research Scientist,Female,1,2619,No,1,2,0,No,0.12215709395856003,Faible
663,Research & Development,Laboratory Technician,Male,2,5679,Yes,3,3,4,No,0.7350173480185073,Élevé
664,Research & Development,Manager,Female,4,15402,No,1,1,0,No,0.09556868400795303,Faible
665,Human Resources,Human Resources,Female,2,5985,No,3,4,0,No,0.3905885957932079,Moyen
666,Sales,Sales Representative,Female,1,2579,Yes,3,3,0,No,0.49096316048966027,Moyen
667,Sales,Sales Representative,Male,1,3041,No,1,3,0,Yes,0.3554231639615366,Moyen
669,Sales,Sales Representative,Male,1,3447,No,3,3,1,No,0.7920870295814826,Élevé
671,Research & Development,Manager,Male,5,19513,Yes,4,4,0,No,0.08296446477691731,Faible
675,Research & Development,Research Scientist,Male,1,2773,No,3,3,2,No,0.2083075358643792,Faible
677,Sales,Sales Executive,Male,2,7104,No,3,3,1,No,0.26129094558844884,Faible
679,Research & Development,Research Scientist,Female,2,6322,Yes,4,2,0,No,0.2504898369978151,Faible
680,Research & Development,Research Scientist,Female,1,2083,No,3,3,0,No,0.24784410308370758,Faible
682,Sales,Sales Executive,Female,2,8381,No,1,4,8,No,0.3417194077321893,Moyen
683,Research & Development,Research Scientist,Male,1,2691,No,4,2,8,No,0.03580783782633369,Faible
684,Sales,Sales Executive,Female,2,4286,No,1,3,0,Yes,0.6822283340079923,Élevé
686,Research & Development,Laboratory Technician,Female,1,2659,Yes,4,3,0,No,0.5541951380335419,Moyen
689,Research & Development,Manufacturing Director,Male,3,9434,No,3,3,7,No,0.05077721500588419,Faible
690,Sales,Sales Executive,Female,2,5561,No,3,2,1,No,0.21308638427294077,Faible
691,Research & Development,Research Scientist,Male,2,6646,No,4,3,11,No,0.2612947911386295,Faible
692,Research & Development,Healthcare Representative,Male,2,7725,No,4,1,4,No,0.06936094521728012,Faible
698,Human Resources,Human Resources,Male,3,10725,No,2,4,7,No,0.2613997355186242,Faible
699,Research & Development,Manufacturing Director,Male,2,8847,Yes,2,3,0,No,0.4189871860697897,Moyen
700,Research & Development,Research Scientist,Male,1,2045,No,4,3,1,No,0.2336220054392015,Faible
701,Research & Development,Research Scientist,Male,1,1009,Yes,3,3,1,Yes,0.5928987438556161,Moyen
702,Research & Development,Research Scientist,Male,1,3348,Yes,1,3,9,Yes,0.9093687371462249,Élevé
704,Research & Development,Laboratory Technician,Male,1,1281,No,3,3,0,No,0.20624742887130915,Faible
705,Research & Development,Research Scientist,Male,1,2819,No,1,4,0,No,0.16155082909104498,Faible
707,Sales,Sales Executive,Male,2,4851,No,2,3,1,No,0.21987563507657623,Faible
709,Sales,Sales Executive,Female,2,4028,No,4,3,0,No,0.35979799244824157,Moyen
710,Research & Development,Research Scientist,Male,1,2720,No,4,3,2,No,0.04328161645847342,Faible
712,Sales,Sales Executive,Male,2,8120,No,2,3,2,No,0.20500380209262026,Faible
714,Sales,Sales Executive,Female,2,4647,Yes,4,3,0,No,0.3239621406411524,Faible
715,Research & Development,Research Scientist,Male,1,4680,No,4,3,0,No,0.1185827791874113,Faible
716,Research & Development,Laboratory Technician,Male,1,3221,Yes,3,3,3,No,0.17003739940558907,Faible
717,Research & Development,Healthcare Representative,Female,3,8621,No,2,4,7,No,0.15962600543833425,Faible
720,Sales,Sales Executive,Female,2,4577,No,3,3,2,Yes,0.9275021513921294,Élevé
721,Research & Development,Healthcare Representative,Female,2,4553,No,3,3,11,No,0.3243251635293443,Faible
722,Sales,Sales Executive,Male,2,5396,No,4,2,0,No,0.15256520543339108,Faible
723,Sales,Sales Executive,Male,2,6796,Yes,3,3,1,Yes,0.7689937350558775,Élevé
724,Research & Development,Healthcare Representative,Female,2,7625,No,4,2,1,No,0.02046724635322287,Faible
725,Research & Development,Manufacturing Director,Female,3,7412,No,1,3,0,No,0.0408107413934358,Faible
727,Research & Development,Research Director,Female,3,11159,No,4,3,7,No,0.05072536501858545,Faible
728,Sales,Sales Executive,Male,2,4960,No,1,3,1,No,0.19868878762453862,Faible
729,Sales,Sales Executive,Male,3,10475,Yes,1,3,1,No,0.5840961870625718,Moyen
730,Research & Development,Research Director,Male,4,14814,No,3,3,1,No,0.005884296103805223,Faible
731,Human Resources,Manager,Male,5,19141,No,4,2,12,No,0.2391451527787007,Faible
732,Sales,Sales Executive,Male,2,5405,No,1,3,2,No,0.8761141921356506,Élevé
733,Research & Development,Manufacturing Director,Male,3,8793,No,1,2,1,No,0.11250016190946073,Faible
734,Human Resources,Manager,Male,5,19189,No,3,3,2,No,0.023851663357223524,Faible
738,Sales,Sales Representative,Male,1,3875,No,2,3,2,No,0.6755283931875344,Élevé
741,Research & Development,Research Scientist,Female,1,2216,Yes,2,3,3,Yes,0.7934184483856587,Élevé
742,Research & Development,Research Director,Female,3,11713,No,1,3,0,No,0.24414395621685678,Faible
743,Research & Development,Manufacturing Director,Female,3,7861,Yes,3,4,0,No,0.5526869181711641,Moyen
744,Research & Development,Laboratory Technician,Male,1,3708,No,3,3,1,No,0.6892415115217028,Élevé
746,Sales,Sales Executive,Female,4,13770,Yes,3,2,11,No,0.7451423863489883,Élevé
747,Sales,Sales Executive,Male,2,5304,No,4,2,7,No,0.8221074368750494,Élevé
749,Sales,Sales Representative,Male,1,2642,No,3,3,0,No,0.6139348612265413,Moyen
752,Research & Development,Research Scientist,Male,1,2759,Yes,3,3,2,Yes,0.7742101044225757,Élevé
754,Sales,Sales Executive,Male,2,6804,No,4,3,2,No,0.31284950418017776,Faible
757,Research & Development,Healthcare Representative,Female,2,6142,No,3,3,4,No,0.2963030593100499,Faible
758,Research & Development,Laboratory Technician,Male,1,2500,No,1,4,0,No,0.3315785367801643,Moyen
760,Human Resources,Human Resources,Female,2,6389,No,2,1,3,No,0.29636919918285953,Faible
762,Research & Development,Healthcare Representative,Male,4,11103,No,4,2,1,No,0.070972123776273,Faible
763,Research & Development,Research Scientist,Female,1,2342,Yes,4,2,2,No,0.33771117298387804,Moyen
764,Research & Development,Healthcare Representative,Female,2,6811,No,1,1,0,No,0.3658116049474621,Moyen
766,Sales,Sales Representative,Male,1,2297,No,2,3,2,No,0.38261883994103907,Moyen
769,Research & Development,Laboratory Technician,Male,2,2450,No,4,3,2,No,0.11813450162199127,Faible
771,Research & Development,Healthcare Representative,Female,2,5093,No,1,4,0,No,0.0569591521710861,Faible
772,Research & Development,Laboratory Technician,Male,2,5309,No,4,3,4,No,0.4291827609343615,Moyen
773,Research & Development,Research Scientist,Male,1,3057,Yes,3,1,0,No,0.7152769773604349,Élevé
775,Research & Development,Manufacturing Director,Female,2,5121,No,1,3,0,No,0.2485748377827276,Faible
776,Sales,Manager,Male,4,16856,No,1,4,1,No,0.037126798205837544,Faible
780,Research & Development,Research Scientist,Male,1,2686,Yes,4,2,7,Yes,0.33052494031749635,Moyen
781,Sales,Sales Executive,Female,2,6180,No,4,2,1,No,0.3946748278222353,Moyen
783,Sales,Sales Representative,Male,2,6632,No,3,3,3,No,0.6849610121078017,Élevé
784,Research & Development,Research Scientist,Male,1,3505,No,3,3,0,No,0.17076276803008636,Faible
785,Sales,Sales Executive,Female,2,6397,Yes,3,3,1,Yes,0.9174791550954092,Élevé
786,Sales,Sales Executive,Male,2,6274,No,4,3,1,No,0.1986501611424657,Faible
787,Research & Development,Manager,Male,5,19859,Yes,1,3,1,Yes,0.13604494623580285,Faible
789,Sales,Sales Executive,Male,3,7587,No,1,3,0,No,0.3271778668034859,Faible
791,Research & Development,Research Scientist,Male,1,4258,No,4,3,1,No,0.0301683685719352,Faible
792,Research & Development,Laboratory Technician,Female,1,4364,No,4,3,2,No,0.7429468135025872,Élevé
793,Research & Development,Healthcare Representative,Female,2,4335,No,3,2,1,No,0.418186427655238,Moyen
796,Sales,Sales Executive,Male,2,5326,No,1,2,1,Yes,0.8142540895492779,Élevé
797,Research & Development,Research Scientist,Female,1,3280,No,4,3,1,No,0.0671348036629744,Faible
799,Research & Development,Manufacturing Director,Female,2,5485,Yes,1,3,1,No,0.7439757141393991,Élevé
800,Sales,Sales Executive,Male,2,4342,No,4,3,1,No,0.36180940960088775,Moyen
802,Research & Development,Research Scientist,Female,1,2782,Yes,1,2,4,No,0.3123978437939807,Faible
803,Research & Development,Manufacturing Director,Female,2,5980,Yes,1,3,4,No,0.7553161635452159,Élevé
804,Research & Development,Research Scientist,Female,1,4381,No,1,3,1,No,0.21079754934733874,Faible
805,Sales,Sales Representative,Female,1,2572,No,4,2,0,No,0.4060696302068007,Moyen
806,Research & Development,Laboratory Technician,Male,1,3833,No,3,3,0,No,0.28810424696199405,Faible
807,Research & Development,Healthcare Representative,Female,2,4244,No,2,3,3,No,0.04385661805627239,Faible
808,Sales,Sales Executive,Female,2,6500,No,1,3,1,No,0.3740273562365366,Moyen
809,Research & Development,Manager,Male,5,18430,No,4,2,14,No,0.22522435135562968,Faible
811,Research & Development,Laboratory Technician,Male,1,1601,Yes,1,3,0,Yes,0.8112722797614544,Élevé
812,Research & Development,Laboratory Technician,Male,1,2694,No,2,3,0,No,0.33386924416751035,Moyen
813,Research & Development,Laboratory Technician,Female,2,3149,No,3,3,1,No,0.42514822928176704,Moyen
815,Research & Development,Research Director,Male,4,17639,No,3,3,0,No,0.008300604931142562,Faible
816,Research & Development,Laboratory Technician,Female,1,2319,Yes,1,3,0,Yes,0.8453525503378936,Élevé
817,Research & Development,Research Director,Male,3,11691,No,3,4,3,No,0.03225753225203109,Faible
819,Sales,Sales Executive,Female,2,5324,No,1,3,0,Yes,0.8817258508177324,Élevé
820,Research & Development,Manager,Female,4,16752,Yes,4,2,3,No,0.06582124049059197,Faible
823,Research & Development,Manufacturing Director,Female,2,5228,No,2,3,0,No,0.021741911295785493,Faible
824,Research & Development,Research Scientist,Male,1,2700,No,3,3,0,No,0.028198066877922003,Faible
825,Research & Development,Research Director,Male,5,19246,Yes,2,3,13,Yes,0.407393914436603,Moyen
826,Research & Development,Research Scientist,Female,1,2506,No,3,3,2,No,0.078849728305758,Faible
827,Research & Development,Manufacturing Director,Female,2,6062,Yes,4,3,0,No,0.3633589737180579,Moyen
828,Research & Development,Research Scientist,Male,1,4382,No,3,2,2,Yes,0.28899347029072253,Faible
829,Human Resources,Human Resources,Male,1,2143,No,2,3,0,No,0.2926557891922973,Faible
830,Research & Development,Manufacturing Director,Female,2,6162,No,3,3,6,No,0.03361166818023718,Faible
832,Research & Development,Laboratory Technician,Male,2,5094,No,3,3,0,No,0.8903308110756997,Élevé
833,Research & Development,Manufacturing Director,Female,2,6877,Yes,4,2,0,No,0.6572838426921865,Moyen
834,Research & Development,Research Scientist,Female,1,2274,No,3,3,0,No,0.19140084477791927,Faible
836,Research & Development,Manufacturing Director,Male,2,4434,No,2,2,7,No,0.2036374808032472,Faible
837,Research & Development,Healthcare Representative,Male,2,6288,No,1,2,1,No,0.39531314511874244,Moyen
838,Research & Development,Research Scientist,Female,1,2553,No,4,3,1,No,0.252905944066087,Faible
840,Sales,Sales Executive,Female,3,7654,No,4,4,7,Yes,0.08400724922087377,Faible
842,Sales,Sales Executive,Male,2,5160,No,4,2,7,Yes,0.35740212661945236,Moyen
843,Research & Development,Research Director,Male,4,17159,No,1,3,1,No,0.17649816077549838,Faible
844,Research & Development,Research Director,Male,3,12808,Yes,4,3,0,No,0.16058750678220782,Faible
845,Research & Development,Manufacturing Director,Male,3,10221,No,3,4,1,No,0.09012859603200363,Faible
846,Sales,Sales Executive,Female,2,4779,Yes,2,3,7,No,0.9307057974962595,Élevé
847,Human Resources,Human Resources,Male,1,3737,No,4,1,0,No,0.060936591692846355,Faible
848,Research & Development,Research Scientist,Female,1,2366,Yes,3,3,1,Yes,0.3403001761850323,Moyen
850,Research & Development,Research Scientist,Male,1,1706,No,4,2,0,No,0.04315636019592751,Faible
851,Sales,Manager,Female,4,16307,No,3,2,4,No,0.03174982990884424,Faible
852,Research & Development,Healthcare Representative,Male,2,5933,No,2,2,2,No,0.5031039784027189,Moyen
854,Research & Development,Research Scientist,Male,1,3424,No,1,2,0,No,0.6118224037045251,Moyen
855,Sales,Sales Executive,Male,2,4037,No,1,3,0,No,0.17069626888148223,Faible
856,Research & Development,Research Scientist,Female,1,2559,No,1,2,1,No,0.2812512366166216,Faible
857,Sales,Sales Executive,Male,2,6201,Yes,4,2,4,No,0.13035205067275224,Faible
859,Sales,Sales Executive,Male,2,4403,No,4,2,0,No,0.40269189765058533,Moyen
861,Research & Development,Research Scientist,Male,1,3761,No,4,2,0,No,0.4411298198344236,Moyen
862,Sales,Sales Executive,Female,3,10934,Yes,4,3,0,No,0.23247325822811407,Faible
864,Sales,Sales Executive,Male,3,10761,Yes,1,3,0,No,0.6018528255970103,Moyen
865,Research & Development,Research Scientist,Female,2,5175,No,3,2,1,No,0.08065557431382238,Faible
867,Research & Development,Manufacturing Director,Female,4,13826,No,4,3,0,No,0.05532809863264168,Faible
868,Sales,Sales Executive,Male,2,6334,No,3,3,0,No,0.35369965877007425,Moyen
869,Human Resources,Human Resources,Male,1,4936,No,4,3,0,No,0.07865416550495032,Faible
872,Research & Development,Manufacturing Director,Male,2,4775,No,4,1,2,No,0.3190759864507092,Faible
874,Research & Development,Laboratory Technician,Male,1,2818,Yes,4,2,0,No,0.5884200726638327,Moyen
875,Research & Development,Research Scientist,Male,1,2515,Yes,4,3,2,No,0.6713873379401305,Élevé
878,Human Resources,Human Resources,Male,1,2342,No,1,3,0,No,0.3340817333963675,Moyen
879,Sales,Sales Executive,Male,2,4194,Yes,1,3,0,No,0.6786406136528409,Élevé
880,Research & Development,Manufacturing Director,Female,3,10685,Yes,3,3,5,No,0.09468752624438911,Faible
881,Research & Development,Research Scientist,Female,1,2022,Yes,2,2,7,Yes,0.7363523730797427,Élevé
882,Research & Development,Laboratory Technician,Male,1,2314,No,4,3,0,No,0.1575142006914553,Faible
885,Sales,Sales Executive,Male,2,4256,No,1,4,0,No,0.6846230510936461,Élevé
887,Research & Development,Research Scientist,Female,1,3580,No,1,3,0,No,0.041195548801418756,Faible
888,Research & Development,Laboratory Technician,Male,1,3162,No,4,2,3,No,0.2068968854447606,Faible
889,Sales,Sales Executive,Male,2,6524,No,2,3,5,No,0.4090759653078272,Moyen
893,Sales,Sales Representative,Male,1,2899,No,2,3,1,No,0.4646824034140203,Moyen
894,Research & Development,Laboratory Technician,Female,2,5231,Yes,4,2,1,No,0.2516656033762117,Faible
895,Research & Development,Research Scientist,Male,1,2356,Yes,4,3,0,No,0.22364767154676762,Faible
896,Sales,Sales Representative,Female,1,2800,Yes,3,3,0,Yes,0.7644626539491095,Élevé
897,Sales,Sales Executive,Male,4,11836,No,4,3,2,No,0.1707889517538672,Faible
899,Research & Development,Manufacturing Director,Male,3,10903,No,2,3,4,No,0.2328856967845134,Faible
900,Sales,Sales Representative,Female,1,2973,No,4,3,0,No,0.49582283204471905,Moyen
901,Research & Development,Research Director,Female,4,14275,No,4,3,3,No,0.027907465855201638,Faible
902,Research & Development,Healthcare Representative,Female,2,5562,No,4,2,2,No,0.13529387469038096,Faible
903,Sales,Sales Executive,Female,2,4537,Yes,4,3,7,No,0.6416180532944609,Moyen
904,Sales,Sales Executive,Male,3,7642,Yes,2,3,0,No,0.7430093087359932,Élevé
905,Research & Development,Manager,Male,4,17924,No,1,3,14,No,0.11046778477816319,Faible
909,Human Resources,Human Resources,Female,2,5204,No,4,3,0,No,0.0740795808121392,Faible
910,Human Resources,Human Resources,Male,1,2277,Yes,2,4,0,No,0.44845976975192264,Moyen
911,Research & Development,Laboratory Technician,Male,1,2795,Yes,4,1,0,Yes,0.976614070491132,Élevé
912,Research & Development,Laboratory Technician,Female,1,2532,No,4,3,0,No,0.18838833317065817,Faible
913,Research & Development,Research Scientist,Male,1,2559,Yes,1,3,7,No,0.7127294969306437,Élevé
916,Sales,Sales Executive,Male,2,4908,No,4,3,0,No,0.5635293466608826,Moyen
918,Research & Development,Laboratory Technician,Male,1,2380,Yes,4,2,0,Yes,0.8957095576431346,Élevé
920,Research & Development,Manufacturing Director,Female,2,4765,No,2,4,0,No,0.37293786663124334,Moyen
922,Sales,Sales Representative,Female,1,2044,No,3,2,0,Yes,0.5526481266977704,Moyen
923,Research & Development,Research Scientist,Female,1,2693,No,4,2,0,Yes,0.11957318187202902,Faible
924,Research & Development,Healthcare Representative,Male,2,6586,Yes,4,2,4,No,0.09504521922332008,Faible
925,Sales,Sales Representative,Female,1,3294,Yes,4,2,1,No,0.6832426712840962,Élevé
926,Research & Development,Manufacturing Director,Female,2,4171,Yes,3,4,0,Yes,0.2919178150350862,Faible
927,Research & Development,Laboratory Technician,Female,1,2778,Yes,4,2,1,Yes,0.7291492689503634,Élevé
930,Research & Development,Research Scientist,Female,1,2377,No,3,3,2,No,0.11655084159304335,Faible
932,Research & Development,Laboratory Technician,Male,1,2404,Yes,1,1,2,Yes,0.925455251493321,Élevé
933,Research & Development,Research Scientist,Female,1,2318,No,3,3,0,No,0.1642359519200574,Faible
934,Research & Development,Laboratory Technician,Male,1,2008,No,2,3,1,No,0.5252435080131285,Moyen
936,Sales,Sales Executive,Female,2,6244,No,3,3,0,No,0.5474544448985442,Moyen
939,Research & Development,Research Scientist,Male,1,2799,Yes,1,3,0,No,0.7763667944787148,Élevé
940,Research & Development,Healthcare Representative,Female,3,10552,Yes,2,3,0,No,0.08409249141000606,Faible
941,Sales,Sales Representative,Male,1,2329,No,3,4,5,No,0.7107937810500481,Élevé
942,Research & Development,Healthcare Representative,Female,2,4014,Yes,4,1,0,No,0.12135810851651975,Faible
944,Research & Development,Laboratory Technician,Female,3,7403,No,2,2,1,No,0.09161913681475815,Faible
945,Research & Development,Research Scientist,Male,1,2259,No,3,2,0,No,0.06179971619058718,Faible
947,Sales,Sales Executive,Female,2,6932,No,3,2,0,No,0.11416276407525511,Faible
949,Research & Development,Research Scientist,Male,1,4678,No,4,3,0,No,0.10782031916897308,Faible
950,Research & Development,Research Director,Female,3,13582,No,1,3,5,No,0.012591863323727514,Faible
951,Research & Development,Laboratory Technician,Female,1,2332,No,2,3,0,No,0.5478495099790746,Moyen
952,Sales,Sales Representative,Male,1,2413,Yes,2,3,0,Yes,0.8989250049201012,Élevé
954,Sales,Sales Executive,Male,3,9705,No,2,2,0,No,0.6551796012135821,Moyen
956,Sales,Sales Executive,Male,2,4294,No,1,3,0,No,0.5175072717647963,Moyen
957,Research & Development,Laboratory Technician,Male,1,4721,Yes,1,3,2,No,0.24338051044743883,Faible
958,Research & Development,Laboratory Technician,Male,1,2519,No,3,3,3,No,0.2276196583510345,Faible
959,Sales,Sales Representative,Male,1,2121,Yes,2,4,0,Yes,0.9790376111858793,Élevé
960,Research & Development,Laboratory Technician,Male,1,2973,No,1,3,0,Yes,0.8831439492746633,Élevé
961,Research & Development,Healthcare Representative,Female,2,5855,Yes,4,1,8,No,0.3406816749100091,Moyen
964,Research & Development,Research Scientist,Male,1,3617,Yes,2,3,0,No,0.7512805553530756,Élevé
966,Research & Development,Manufacturing Director,Female,2,6725,No,1,4,6,No,0.14707455822242718,Faible
967,Sales,Sales Executive,Male,3,10325,Yes,4,3,3,Yes,0.41196597130424717,Moyen
969,Research & Development,Healthcare Representative,Female,2,6949,No,4,3,1,No,0.14497347672584585,Faible
970,Sales,Sales Executive,Male,3,10609,No,3,1,11,Yes,0.8255554890533412,Élevé
972,Research & Development,Laboratory Technician,Male,2,4447,No,2,2,0,No,0.08926825508950655,Faible
974,Sales,Sales Representative,Female,1,2157,No,4,3,0,No,0.5144356343537478,Moyen
975,Sales,Sales Executive,Female,2,4601,No,3,3,1,No,0.31358686224663235,Faible
976,Research & Development,Manager,Male,4,17099,No,4,2,7,No,0.00662504296131857,Faible
977,Research & Development,Research Scientist,Male,1,2479,No,3,3,0,Yes,0.2861760899206504,Faible
981,Sales,Manager,Male,4,14852,No,3,4,15,No,0.2850496432671868,Faible
982,Sales,Sales Executive,Male,3,7264,No,3,4,7,No,0.6261097584366194,Moyen
983,Sales,Sales Executive,Female,2,5666,Yes,4,3,1,No,0.8360433973708971,Élevé
984,Sales,Sales Executive,Male,3,7823,No,4,3,0,No,0.10278127515907508,Faible
985,Sales,Sales Executive,Male,3,7880,No,3,3,0,No,0.07721278952716125,Faible
986,Sales,Sales Executive,Female,4,13194,Yes,2,2,0,Yes,0.63459026545582,Moyen
987,Research & Development,Manufacturing Director,Male,2,5067,Yes,3,4,2,No,0.10765467857797305,Faible
990,Sales,Sales Executive,Male,2,5079,No,4,3,0,No,0.09766548169036174,Faible
991,Research & Development,Research Scientist,Male,1,2321,Yes,1,3,1,Yes,0.8565347967736923,Élevé
992,Sales,Manager,Male,4,17444,No,3,3,6,No,0.4194943132299468,Moyen
994,Research & Development,Research Scientist,Female,1,2404,Yes,1,3,0,Yes,0.906607075542077,Élevé
995,Research & Development,Research Scientist,Female,1,3452,No,4,3,0,No,0.17110807533197062,Faible
996,Research & Development,Laboratory Technician,Female,1,2270,No,4,3,0,No,0.04433330327401094,Faible
997,Research & Development,Research Director,Male,4,17399,No,4,2,1,No,0.014502085071437932,Faible
998,Research & Development,Healthcare Representative,Female,2,5488,Yes,2,3,1,No,0.49892507355413657,Moyen
999,Research & Development,Research Director,Male,5,19419,No,3,4,0,No,0.010149755173121689,Faible
1001,Research & Development,Laboratory Technician,Female,1,2811,No,2,3,2,No,0.8536678508931672,Élevé
1002,Research & Development,Laboratory Technician,Male,2,3633,Yes,1,3,0,No,0.49469786286307765,Moyen
1003,Sales,Sales Executive,Female,2,4163,Yes,4,3,0,No,0.33403557136984297,Moyen
1004,Research & Development,Research Scientist,Female,1,2132,Yes,3,3,0,Yes,0.8657367123213955,Élevé
1005,Research & Development,Manufacturing Director,Male,4,13973,Yes,3,3,1,No,0.06834931210680426,Faible
1006,Research & Development,Research Scientist,Male,1,2684,No,3,2,0,No,0.08631677408857089,Faible
1007,Research & Development,Manufacturing Director,Male,3,10845,No,3,3,0,No,0.03859808240286273,Faible
1009,Research & Development,Manufacturing Director,Female,2,4377,No,3,3,3,No,0.08293125656047295,Faible
1010,Research & Development,Laboratory Technician,Male,1,3743,Yes,2,1,0,Yes,0.7934124600597385,Élevé
1011,Research & Development,Manufacturing Director,Female,2,4148,No,1,3,0,No,0.1485251404657389,Faible
1012,Research & Development,Research Scientist,Male,1,1051,No,4,3,0,No,0.26579111881480755,Faible
1013,Research & Development,Manufacturing Director,Female,3,10739,No,3,3,0,No,0.035832631998345084,Faible
1014,Research & Development,Healthcare Representative,Female,3,10388,Yes,3,2,10,No,0.7258445573980572,Élevé
1015,Research & Development,Research Director,Female,3,11416,Yes,1,2,1,No,0.11892543007050191,Faible
1016,Research & Development,Research Scientist,Female,1,2600,Yes,1,3,0,Yes,0.8247131612939823,Élevé
1017,Research & Development,Laboratory Technician,Female,1,2422,No,2,3,1,Yes,0.7080417651502394,Élevé
1018,Research & Development,Manufacturing Director,Male,2,5472,No,4,3,1,No,0.03451352858817501,Faible
1019,Research & Development,Laboratory Technician,Male,1,2451,No,1,2,1,No,0.7830342097446907,Élevé
1022,Research & Development,Healthcare Representative,Male,2,4240,No,3,3,2,No,0.27525802851006015,Faible
1024,Research & Development,Healthcare Representative,Male,3,10999,No,3,3,4,No,0.08903274634589131,Faible
1025,Research & Development,Manufacturing Director,Female,2,5003,No,3,3,2,No,0.25872722654241254,Faible
1026,Research & Development,Manufacturing Director,Female,4,12742,No,4,3,11,No,0.03023986030788801,Faible
1027,Research & Development,Manufacturing Director,Female,2,4227,No,4,3,2,No,0.07435499064529966,Faible
1028,Research & Development,Laboratory Technician,Male,1,3917,No,4,2,1,No,0.39198076636047124,Moyen
1029,Sales,Manager,Male,5,18303,No,3,4,0,No,0.27750230758565114,Faible
1030,Research & Development,Laboratory Technician,Male,1,2380,No,4,3,0,No,0.3704840653145881,Moyen
1032,Research & Development,Manufacturing Director,Female,4,13726,Yes,4,3,4,No,0.19601811332944988,Faible
1033,Research & Development,Healthcare Representative,Female,2,4777,No,2,1,0,Yes,0.4751601448134717,Moyen
1034,Research & Development,Healthcare Representative,Male,2,6385,Yes,2,3,6,No,0.5139018337281808,Moyen
1035,Research & Development,Research Director,Female,5,19973,No,3,3,5,No,0.012680064362649807,Faible
1036,Sales,Sales Executive,Male,2,6861,Yes,4,3,0,No,0.8833416601775658,Élevé
1037,Sales,Sales Executive,Male,2,4969,No,1,3,2,Yes,0.9535787298504111,Élevé
1038,Sales,Manager,Female,5,19845,No,4,3,6,Yes,0.025097682164220685,Faible
1039,Sales,Sales Executive,Female,4,13320,Yes,4,3,11,No,0.19142284627336809,Faible
1040,Sales,Sales Executive,Female,2,6347,No,3,3,0,No,0.0105544722917458,Faible
1042,Research & Development,Laboratory Technician,Female,1,2743,No,1,3,15,Yes,0.3420777841418556,Moyen
1043,Research & Development,Manufacturing Director,Female,3,10880,Yes,1,3,2,No,0.4788668628536742,Moyen
1044,Sales,Sales Representative,Female,1,2342,No,4,2,2,No,0.3052216650305574,Faible
1045,Sales,Manager,Female,4,17650,No,4,4,1,No,0.020869666046456892,Faible
1046,Research & Development,Laboratory Technician,Female,1,4025,No,3,3,7,No,0.8414844039732907,Élevé
1047,Sales,Sales Executive,Male,2,9725,No,4,2,0,No,0.055264985265767744,Faible
1048,Sales,Manager,Male,3,11904,Yes,4,1,0,No,0.315596208202738,Faible
1049,Human Resources,Human Resources,Male,1,2177,No,2,3,0,No,0.47893118222750203,Moyen
1050,Sales,Sales Executive,Female,3,7525,No,2,3,6,No,0.16142305943626756,Faible
1052,Research & Development,Laboratory Technician,Male,2,4834,No,3,2,0,Yes,0.7412655690243409,Élevé
1053,Research & Development,Research Scientist,Male,1,2042,Yes,1,3,1,Yes,0.9302309078703103,Élevé
1055,Sales,Sales Representative,Female,1,2220,Yes,3,3,0,No,0.6108813392773298,Moyen
1056,Sales,Sales Representative,Male,1,1052,No,2,3,0,No,0.5700455486744439,Moyen
1060,Research & Development,Research Scientist,Male,1,2821,No,3,3,2,No,0.1327801772102164,Faible
1061,Research & Development,Research Director,Male,5,19237,Yes,3,2,7,No,0.10037302804207607,Faible
1062,Research & Development,Healthcare Representative,Female,2,4107,No,2,2,0,No,0.2432207803441072,Faible
1066,Sales,Sales Executive,Male,2,8396,No,1,2,7,No,0.6907608692306041,Élevé
1068,Research & Development,Research Scientist,Female,1,2007,No,3,3,1,No,0.09297953321084675,Faible
1069,Research & Development,Research Director,Male,5,19627,No,4,3,2,No,0.027874892166307924,Faible
1070,Sales,Sales Executive,Female,3,10686,No,3,3,7,No,0.46121104297416693,Moyen
1071,Research & Development,Research Scientist,Female,1,2942,No,3,3,0,No,0.01929515829182821,Faible
1073,Research & Development,Manufacturing Director,Female,3,8858,No,4,2,7,No,0.12774771792197992,Faible
1074,Research & Development,Manager,Male,4,16756,No,1,4,6,No,0.1554877554756284,Faible
1076,Sales,Sales Executive,Male,3,10798,No,4,3,0,No,0.33332884029125054,Moyen
1077,Sales,Sales Representative,Female,1,2323,Yes,4,3,0,Yes,0.9390768261779892,Élevé
1079,Research & Development,Laboratory Technician,Female,1,1416,No,1,2,1,Yes,0.7856901519142444,Élevé
1080,Research & Development,Research Scientist,Female,2,4615,Yes,1,3,1,No,0.24031093729952377,Faible
1081,Research & Development,Research Scientist,Male,1,2461,Yes,3,4,2,Yes,0.356958789138059,Moyen
1082,Research & Development,Healthcare Representative,Male,3,8722,No,1,2,1,Yes,0.4640155935177121,Moyen
1083,Research & Development,Laboratory Technician,Male,1,3955,No,1,3,1,No,0.49962737195421647,Moyen
1084,Research & Development,Manufacturing Director,Male,2,9957,No,1,2,0,No,0.10271450300554803,Faible
1085,Research & Development,Research Scientist,Female,1,3376,No,3,3,0,No,0.021836121257774028,Faible
1088,Research & Development,Healthcare Representative,Female,3,8823,No,3,2,1,No,0.020156549472633307,Faible
1092,Research & Development,Healthcare Representative,Male,3,10322,No,4,3,11,No,0.5210370829041531,Moyen
1094,Research & Development,Laboratory Technician,Male,1,4621,No,3,3,1,No,0.20124051532957168,Faible
1096,Research & Development,Manufacturing Director,Male,3,10976,No,2,3,1,No,0.018759531313604586,Faible
1097,Research & Development,Research Scientist,Female,2,3660,No,3,4,1,No,0.05023185959603247,Faible
1098,Human Resources,Human Resources,Male,3,10482,No,1,3,3,Yes,0.21858555480833833,Faible
1099,Research & Development,Healthcare Representative,Male,3,7119,No,4,3,1,No,0.12602029605700887,Faible
1100,Sales,Sales Executive,Male,3,9582,Yes,1,3,4,Yes,0.8340375670290954,Élevé
1101,Research & Development,Research Scientist,Female,2,4508,No,3,3,3,Yes,0.45168782415467096,Moyen
1102,Research & Development,Laboratory Technician,Male,1,2207,No,3,2,2,No,0.3791537408020564,Moyen
1103,Research & Development,Healthcare Representative,Male,2,7756,No,4,2,0,No,0.1942007112547609,Faible
1105,Sales,Sales Executive,Female,2,6694,Yes,4,3,0,No,0.4306003131320759,Moyen
1106,Research & Development,Laboratory Technician,Male,1,3691,Yes,4,4,5,Yes,0.48728712590962237,Moyen
1107,Research & Development,Laboratory Technician,Male,1,2377,No,3,2,0,Yes,0.703446826301282,Élevé
1108,Research & Development,Research Scientist,Male,1,2313,Yes,2,3,2,Yes,0.9729765059532025,Élevé
1109,Research & Development,Manager,Male,4,17665,No,1,3,13,No,0.04662213665261797,Faible
1111,Research & Development,Laboratory Technician,Male,1,2596,No,2,3,0,Yes,0.6843902395952967,Élevé
1113,Sales,Sales Executive,Male,2,4728,Yes,3,3,0,Yes,0.8106189558502851,Élevé
1114,Sales,Sales Executive,Female,2,4302,No,2,3,0,No,0.16235306786344625,Faible
1115,Research & Development,Research Scientist,Male,1,2979,No,4,3,0,No,0.035998991512897,Faible
1116,Research & Development,Manager,Male,4,16885,No,4,2,2,No,0.026961764796000254,Faible
1117,Sales,Sales Executive,Female,2,5593,No,3,3,4,No,0.03643717859561991,Faible
1118,Research & Development,Healthcare Representative,Male,3,10445,No,2,3,4,No,0.2724930732581468,Faible
1119,Sales,Sales Executive,Male,3,8740,Yes,3,3,2,No,0.531934262140209,Moyen
1120,Research & Development,Research Scientist,Female,1,2514,No,4,3,1,No,0.13078384459685627,Faible
1121,Research & Development,Manufacturing Director,Female,3,7655,No,2,2,1,No,0.008446579606255044,Faible
1124,Sales,Manager,Male,4,17465,No,3,3,4,No,0.05666401920261991,Faible
1125,Sales,Sales Executive,Male,3,7351,No,2,3,0,No,0.7380013665008078,Élevé
1126,Research & Development,Manufacturing Director,Female,3,10820,No,1,3,0,No,0.386596416052367,Moyen
1127,Research & Development,Healthcare Representative,Male,4,12169,No,4,3,11,Yes,0.4355470685335438,Moyen
1128,Research & Development,Research Director,Male,5,19626,No,3,4,4,No,0.0670292457482545,Faible
1131,Research & Development,Research Scientist,Female,1,2070,Yes,2,4,2,No,0.6530426935472099,Moyen
1132,Research & Development,Laboratory Technician,Male,2,6782,No,2,2,0,No,0.7321426001979625,Élevé
1133,Research & Development,Manufacturing Director,Male,2,7779,No,4,3,0,No,0.16714485965342113,Faible
1135,Sales,Sales Representative,Male,1,2791,No,4,3,2,No,0.6150536345673706,Moyen
1136,Research & Development,Research Scientist,Male,1,3201,No,2,1,0,No,0.10528159861290279,Faible
1137,Sales,Sales Executive,Male,2,4968,No,4,3,0,No,0.27167842905576445,Faible
1138,Sales,Sales Executive,Male,4,13120,No,2,3,2,No,0.26877916640533805,Faible
1140,Research & Development,Manufacturing Director,Male,2,4033,No,3,2,0,No,0.2548752879102489,Faible
1143,Research & Development,Research Scientist,Female,1,3291,No,2,2,1,No,0.05612630969482004,Faible
1148,Research & Development,Laboratory Technician,Male,2,4272,No,4,3,0,No,0.8206775563405817,Élevé
1150,Research & Development,Manufacturing Director,Male,2,5056,Yes,4,2,1,No,0.3862579718280002,Moyen
1152,Human Resources,Human Resources,Male,1,2844,No,3,4,5,No,0.13844044833776536,Faible
1154,Research & Development,Research Scientist,Male,1,2703,Yes,3,3,0,No,0.5547227587049184,Moyen
1156,Research & Development,Laboratory Technician,Male,1,1904,No,3,3,0,Yes,0.6752182664104047,Élevé
1157,Sales,Sales Executive,Female,2,8224,Yes,1,3,0,Yes,0.9030118945435058,Élevé
1158,Research & Development,Laboratory Technician,Male,1,4766,Yes,4,3,0,No,0.8887344487560944,Élevé
1160,Research & Development,Laboratory Technician,Male,1,2610,No,3,2,2,Yes,0.572083367953365,Moyen
1161,Research & Development,Healthcare Representative,Female,2,5731,No,4,3,1,No,0.3002638957485035,Faible
1162,Research & Development,Research Scientist,Male,1,2539,No,3,3,2,No,0.1735545491148886,Faible
1163,Sales,Sales Executive,Female,2,5714,No,3,2,1,No,0.2759597960850674,Faible
1164,Human Resources,Human Resources,Male,1,4323,No,3,1,1,No,0.3712175840241954,Moyen
1165,Sales,Sales Executive,Female,3,7336,No,1,1,3,Yes,0.2993593767163941,Faible
1166,Research & Development,Research Director,Female,3,13499,No,3,2,2,No,0.16403241458556675,Faible
1167,Sales,Sales Executive,Male,4,13758,Yes,1,2,13,Yes,0.908744496258719,Élevé
1171,Sales,Sales Executive,Male,2,5155,No,1,4,1,No,0.728135890985956,Élevé
1172,Research & Development,Laboratory Technician,Male,1,2258,No,3,3,1,No,0.37645989694467985,Moyen
1173,Research & Development,Laboratory Technician,Male,1,3597,No,2,3,1,No,0.9101553625624108,Élevé
1175,Research & Development,Laboratory Technician,Female,1,2515,Yes,4,2,0,Yes,0.6495511195607194,Moyen
1177,Research & Development,Laboratory Technician,Male,1,4420,No,4,3,0,No,0.09836932515841147,Faible
1179,Sales,Sales Executive,Male,2,6578,No,3,3,1,No,0.29851717867251215,Faible
1180,Research & Development,Research Scientist,Female,2,4422,Yes,4,1,0,No,0.5115113981123856,Moyen
1182,Research & Development,Manufacturing Director,Male,3,10274,No,2,4,6,No,0.07513903729953082,Faible
1184,Research & Development,Healthcare Representative,Male,2,5343,No,1,3,4,No,0.24527054439090437,Faible
1185,Research & Development,Laboratory Technician,Male,1,2376,No,4,4,2,No,0.44778199498255417,Moyen
1188,Sales,Sales Executive,Female,2,5346,No,3,2,1,Yes,0.8859264684820523,Élevé
1190,Sales,Sales Representative,Female,1,2827,No,1,3,0,No,0.1954086890339945,Faible
1191,Research & Development,Manager,Female,5,19943,No,1,3,4,No,0.03251072331481352,Faible
1192,Research & Development,Laboratory Technician,Female,1,3131,No,4,3,0,No,0.039752916963986334,Faible
1193,Research & Development,Research Scientist,Male,1,2552,No,1,3,0,No,0.39069395908009946,Moyen
1195,Research & Development,Research Scientist,Female,1,4477,Yes,3,2,0,No,0.22543587641440369,Faible
1196,Research & Development,Manufacturing Director,Female,2,6474,No,4,2,3,No,0.010982474127303316,Faible
1198,Research & Development,Laboratory Technician,Male,1,3033,No,3,2,1,No,0.8350771070395944,Élevé
1200,Research & Development,Research Scientist,Male,1,2936,Yes,3,3,0,Yes,0.46533444884964176,Moyen
1201,Research & Development,Manager,Female,5,18606,No,3,3,4,No,0.0030658501481545045,Faible
1202,Research & Development,Research Scientist,Female,1,2168,Yes,4,2,1,No,0.39102705163098467,Moyen
1203,Research & Development,Research Scientist,Male,1,2853,Yes,4,3,0,Yes,0.603043662968314,Moyen
1204,Sales,Manager,Female,4,17048,No,1,3,15,No,0.5266116679012771,Moyen
1206,Research & Development,Research Scientist,Male,1,2290,No,3,3,0,No,0.2990242014935533,Faible
1207,Human Resources,Human Resources,Male,1,3600,No,3,3,1,No,0.15277581084546715,Faible
1210,Research & Development,Research Scientist,Male,1,2107,No,1,1,0,Yes,0.4652452672733777,Moyen
1211,Sales,Sales Executive,Male,2,4115,No,1,3,0,No,0.5352603655717225,Moyen
1212,Sales,Sales Executive,Male,2,4327,No,2,3,0,No,0.49535123476065224,Moyen
1215,Research & Development,Manager,Female,4,17856,No,1,3,2,No,0.010782914150664976,Faible
1216,Research & Development,Laboratory Technician,Male,1,3196,No,1,3,3,No,0.3777758089471813,Moyen
1217,Research & Development,Research Director,Male,5,19081,No,2,3,0,No,0.03759968886501006,Faible
1218,Sales,Sales Executive,Male,2,8966,Yes,1,3,1,No,0.29459690674258054,Faible
1219,Research & Development,Laboratory Technician,Female,1,2210,No,2,1,0,Yes,0.5082480726663676,Moyen
1220,Sales,Sales Executive,Female,2,4539,No,3,2,0,No,0.4991286067695411,Moyen
1221,Research & Development,Laboratory Technician,Male,1,2741,No,3,3,1,No,0.14103211956294257,Faible
1224,Research & Development,Laboratory Technician,Male,2,3491,No,3,2,8,No,0.2270880751790924,Faible
1225,Research & Development,Research Scientist,Male,2,4541,No,4,3,13,No,0.11874465885451532,Faible
1226,Sales,Sales Representative,Male,1,2678,No,4,3,2,No,0.7036329979198054,Élevé
1228,Research & Development,Manufacturing Director,Male,2,7379,No,4,2,1,No,0.05256073751161955,Faible
1231,Human Resources,Human Resources,Male,2,6272,No,1,4,0,No,0.2271664171302979,Faible
1233,Sales,Sales Executive,Male,2,5220,Yes,4,3,1,No,0.1508692692022043,Faible
1234,Research & Development,Laboratory Technician,Female,1,2743,No,2,3,2,No,0.732590005476313,Élevé
1235,Research & Development,Research Scientist,Female,2,4998,Yes,3,3,0,No,0.2328970999389546,Faible
1237,Research & Development,Manufacturing Director,Female,3,10252,Yes,1,3,7,No,0.5860673173889068,Moyen
1238,Research & Development,Research Scientist,Male,1,2781,No,4,3,4,No,0.03140624377952126,Faible
1239,Sales,Sales Executive,Female,2,6852,No,2,4,1,No,0.7912247928119074,Élevé
1240,Sales,Sales Executive,Male,2,4950,No,4,3,1,No,0.38111378931565276,Moyen
1241,Research & Development,Research Scientist,Male,1,3579,Yes,2,3,5,No,0.18793665667659634,Faible
1242,Research & Development,Research Director,Female,3,13191,Yes,1,3,0,No,0.6824386177735476,Élevé
1243,Sales,Sales Executive,Female,3,10377,Yes,4,2,4,No,0.4592129759053439,Moyen
1244,Research & Development,Research Scientist,Male,1,2235,Yes,1,2,6,No,0.45988462729907054,Moyen
1245,Research & Development,Manufacturing Director,Female,3,10502,No,3,1,1,No,0.019141938993104953,Faible
1246,Research & Development,Research Scientist,Female,1,2011,No,4,3,7,No,0.018146477778268236,Faible
1248,Research & Development,Research Scientist,Female,1,1859,Yes,2,4,0,Yes,0.8763195998189443,Élevé
1249,Research & Development,Research Scientist,Female,1,3760,No,4,3,1,No,0.033756640308328215,Faible
1250,Research & Development,Research Director,Male,4,17779,No,4,3,0,No,0.0018718736616538372,Faible
1251,Research & Development,Healthcare Representative,Male,2,6833,Yes,1,2,0,No,0.5355598102387205,Moyen
1252,Research & Development,Healthcare Representative,Female,2,6812,No,1,3,1,No,0.1443321409799826,Faible
1254,Sales,Sales Executive,Female,2,5171,No,4,3,0,No,0.1567932528278688,Faible
1255,Research & Development,Research Director,Male,5,19740,No,4,3,0,No,0.010985945457355534,Faible
1256,Research & Development,Manager,Male,5,18711,No,3,4,0,No,0.03753821151808102,Faible
1257,Research & Development,Research Scientist,Male,1,3692,No,2,2,0,No,0.07821126399561451,Faible
1258,Research & Development,Laboratory Technician,Male,1,2559,No,2,2,0,No,0.5567096799168844,Moyen
1259,Research & Development,Research Scientist,Male,1,2517,No,3,3,0,No,0.059850068553040585,Faible
1260,Research & Development,Healthcare Representative,Male,2,6623,Yes,4,3,1,No,0.45323434327752665,Moyen
1263,Research & Development,Research Director,Male,5,18265,No,4,4,0,No,0.06810179822893776,Faible
1264,Research & Development,Research Director,Female,4,16124,No,4,2,1,No,0.016571078431468593,Faible
1265,Research & Development,Research Scientist,Female,1,2585,No,3,2,0,No,0.06651615440815213,Faible
1267,Sales,Manager,Male,5,18213,No,2,3,3,No,0.1442717949854769,Faible
1268,Sales,Sales Executive,Male,3,8380,Yes,3,3,0,No,0.19600801263948311,Faible
1269,Research & Development,Research Scientist,Female,1,2994,Yes,4,3,0,No,0.7718579181312595,Élevé
1270,Research & Development,Research Scientist,Male,1,1223,No,3,3,0,No,0.10545909072022171,Faible
1273,Sales,Sales Representative,Male,1,1118,Yes,4,3,1,Yes,0.9870421651382277,Élevé
1275,Research & Development,Research Scientist,Male,1,2875,Yes,4,2,2,No,0.6597144902635121,Moyen
1277,Sales,Manager,Female,5,18824,Yes,2,3,1,Yes,0.4229096715528974,Moyen
1278,Research & Development,Healthcare Representative,Male,4,13577,Yes,2,3,15,No,0.47155336199778114,Moyen
1279,Research & Development,Laboratory Technician,Female,1,2625,No,3,1,2,Yes,0.9253743371490615,Élevé
1280,Sales,Manager,Female,5,18789,No,2,3,0,No,0.02530236995013703,Faible
1281,Sales,Sales Executive,Female,2,4538,Yes,1,3,0,No,0.8562446142791758,Élevé
1282,Sales,Manager,Male,5,19847,Yes,2,2,11,No,0.7327265047399473,Élevé
1283,Research & Development,Manufacturing Director,Male,3,10512,No,4,2,5,No,0.06029664779118766,Faible
1285,Research & Development,Laboratory Technician,Female,2,4444,No,2,4,5,No,0.3618311849940561,Moyen
1286,Research & Development,Laboratory Technician,Male,1,2154,Yes,3,2,0,No,0.8752985506998011,Élevé
1288,Research & Development,Manager,Male,5,19190,No,1,2,14,No,0.018724772213312833,Faible
1289,Human Resources,Human Resources,Male,2,4490,No,2,4,1,No,0.15940367883942425,Faible
1291,Research & Development,Research Scientist,Male,1,3506,Yes,3,3,2,No,0.2843172952241108,Faible
1292,Research & Development,Research Scientist,Female,2,2372,Yes,2,3,0,No,0.40192868229724266,Moyen
1293,Sales,Sales Executive,Female,3,10231,No,4,4,15,No,0.22359010596609852,Faible
1294,Research & Development,Manufacturing Director,Female,2,5410,Yes,2,3,5,No,0.5562306740180053,Moyen
1295,Research & Development,Healthcare Representative,Female,3,7978,No,4,3,0,Yes,0.04751766220762571,Faible
1296,Research & Development,Laboratory Technician,Male,1,3867,Yes,4,3,2,No,0.8912195477782909,Élevé
1297,Research & Development,Laboratory Technician,Female,1,2838,No,3,2,7,No,0.5340848284881944,Moyen
1298,Research & Development,Manufacturing Director,Female,2,4695,Yes,3,3,1,No,0.5047025855090415,Moyen
1299,Research & Development,Laboratory Technician,Female,1,3339,Yes,3,3,7,Yes,0.8061835556491362,Élevé
1301,Research & Development,Research Scientist,Male,1,2080,No,1,2,1,No,0.44182247478827563,Moyen
1303,Research & Development,Research Scientist,Female,1,2096,No,2,2,2,No,0.13239678255621337,Faible
1304,Sales,Sales Executive,Male,2,6209,No,4,4,0,No,0.024089342286859532,Faible
1306,Research & Development,Manager,Female,5,18061,No,2,3,0,No,0.387556041300977,Moyen
1307,Research & Development,Manager,Female,4,17123,Yes,2,3,15,No,0.8447239116911582,Élevé
1308,Research & Development,Research Scientist,Male,1,2372,No,3,3,2,No,0.132982914491757,Faible
1309,Research & Development,Laboratory Technician,Male,2,4883,No,3,3,1,Yes,0.16520312960978992,Faible
1310,Research & Development,Research Scientist,Male,1,3904,No,1,3,0,Yes,0.3917101005089954,Moyen
1311,Research & Development,Laboratory Technician,Female,2,4627,No,4,3,6,No,0.3948733602249849,Moyen
1312,Research & Development,Healthcare Representative,Female,3,7094,No,3,3,1,No,0.16764573183363493,Faible
1314,Human Resources,Human Resources,Female,1,3423,No,1,4,5,No,0.24271435977222186,Faible
1315,Research & Development,Laboratory Technician,Female,2,6674,No,4,3,7,No,0.08710766579365838,Faible
1317,Research & Development,Research Director,Female,4,16880,Yes,1,3,1,No,0.29986911174920083,Faible
1318,Sales,Sales Executive,Male,3,9094,Yes,2,3,1,Yes,0.9676789845832267,Élevé
1319,Sales,Sales Executive,Male,3,8446,Yes,2,2,7,Yes,0.9409004261099532,Élevé
1321,Research & Development,Manager,Female,3,11916,Yes,1,3,0,No,0.3699145167570228,Moyen
1322,Research & Development,Manufacturing Director,Male,2,4534,No,3,3,1,No,0.20484619620777608,Faible
1324,Sales,Sales Executive,Female,3,9852,Yes,3,2,9,No,0.4432137794705663,Moyen
1329,Sales,Sales Executive,Male,2,6151,No,2,3,11,No,0.7520860782784579,Élevé
1331,Sales,Sales Representative,Female,1,2302,Yes,2,4,2,Yes,0.9415209374129335,Élevé
1333,Research & Development,Laboratory Technician,Male,1,2362,No,1,4,1,Yes,0.5012042288182016,Moyen
1334,Research & Development,Manager,Male,4,17861,Yes,3,2,2,No,0.037631243188735314,Faible
1336,Research & Development,Manager,Female,5,19187,No,3,3,9,No,0.020877080041177404,Faible
1338,Human Resources,Manager,Male,5,19717,No,2,3,7,No,0.13856526036184064,Faible
1340,Research & Development,Research Scientist,Male,1,3544,No,3,3,0,No,0.3741764494117101,Moyen
1344,Research & Development,Healthcare Representative,Male,3,8500,No,4,2,1,No,0.02546925285981037,Faible
1346,Research & Development,Research Scientist,Male,2,4661,No,4,3,8,No,0.10863059995671391,Faible
1349,Sales,Sales Executive,Female,2,4103,No,1,3,1,No,0.10581953540727791,Faible
1350,Research & Development,Research Scientist,Male,2,4249,Yes,3,3,1,No,0.7728119998333487,Élevé
1352,Human Resources,Manager,Male,4,14026,Yes,2,3,0,No,0.06454102115660638,Faible
1355,Sales,Sales Executive,Female,2,6893,No,1,3,1,No,0.05688113024675248,Faible
1356,Sales,Sales Executive,Female,2,6125,No,1,4,9,No,0.49426482646877595,Moyen
1358,Research & Development,Laboratory Technician,Male,1,3669,No,4,2,1,No,0.18787475695528452,Faible
1360,Research & Development,Manufacturing Director,Female,3,10008,Yes,1,2,5,Yes,0.2234426463625439,Faible
1361,Research & Development,Laboratory Technician,Male,1,2387,No,2,3,0,No,0.407394675241849,Moyen
1362,Sales,Sales Executive,Female,2,4639,No,1,2,6,No,0.24217213535319465,Faible
1363,Research & Development,Manufacturing Director,Male,3,7898,No,4,3,0,No,0.023578839253884005,Faible
1364,Sales,Sales Representative,Female,1,2534,No,4,3,0,No,0.5377576412796804,Moyen
1367,Research & Development,Manufacturing Director,Female,4,13142,No,2,2,0,No,0.04198220125815826,Faible
1368,Research & Development,Laboratory Technician,Female,1,1611,No,4,4,0,No,0.23791383238637,Faible
1369,Research & Development,Laboratory Technician,Female,2,5363,No,4,3,0,No,0.09472586763692849,Faible
1371,Sales,Sales Executive,Male,2,5071,No,4,3,0,No,0.7814328117379165,Élevé
1372,Sales,Sales Executive,Male,4,13695,Yes,3,2,3,Yes,0.8114661272726152,Élevé
1373,Research & Development,Manufacturing Director,Male,4,13402,Yes,2,3,15,No,0.4134746810104528,Moyen
1374,Research & Development,Research Scientist,Female,1,2029,No,3,3,0,No,0.18358847823790223,Faible
1375,Research & Development,Healthcare Representative,Female,2,6377,No,3,3,11,No,0.07951230364749787,Faible
1377,Research & Development,Laboratory Technician,Male,2,5429,No,3,3,7,No,0.7659427444435238,Élevé
1379,Sales,Sales Representative,Female,1,2785,No,4,4,0,Yes,0.8694957157959475,Élevé
1380,Sales,Sales Executive,Female,2,4614,Yes,3,2,3,Yes,0.8576746680993389,Élevé
1382,Research & Development,Research Scientist,Male,1,2610,No,3,3,0,No,0.036119558011433794,Faible
1383,Research & Development,Healthcare Representative,Female,2,6687,No,4,4,4,No,0.04598788468537155,Faible
1387,Sales,Sales Executive,Male,2,4724,No,1,3,0,No,0.6480046742878797,Moyen
1389,Research & Development,Manufacturing Director,Male,2,6179,Yes,3,2,6,Yes,0.4943287023347781,Moyen
1390,Sales,Sales Executive,Male,2,6120,Yes,4,4,1,No,0.6945316472053359,Élevé
1391,Sales,Sales Executive,Male,3,10596,No,2,3,3,No,0.5340096963349168,Moyen
1392,Research & Development,Research Scientist,Female,2,5467,Yes,4,2,3,No,0.4144789493537624,Moyen
1394,Research & Development,Research Scientist,Male,1,2996,Yes,3,3,1,No,0.38660101118754786,Moyen
1395,Sales,Sales Executive,Male,2,9998,No,4,4,1,No,0.5670059673184511,Moyen
1396,Sales,Sales Executive,Male,2,4078,Yes,2,2,1,No,0.7214684125334363,Élevé
1397,Research & Development,Healthcare Representative,Male,3,10920,No,3,3,0,No,0.07991314434433783,Faible
1399,Sales,Sales Executive,Male,2,6232,No,3,2,1,No,0.5234520149088834,Moyen
1401,Research & Development,Manufacturing Director,Female,4,13247,Yes,3,2,0,No,0.24547933074303044,Faible
1402,Research & Development,Research Scientist,Female,2,4081,Yes,3,1,1,No,0.34030444700476165,Moyen
1403,Sales,Sales Executive,Female,2,5769,Yes,4,3,4,No,0.833735267899534,Élevé
1405,Research & Development,Research Scientist,Female,1,2394,Yes,3,3,7,Yes,0.7046237422211408,Élevé
1407,Research & Development,Research Scientist,Male,1,3904,No,4,3,1,No,0.17143299334020354,Faible
1408,Human Resources,Manager,Female,4,16799,No,1,3,0,No,0.008014372498767275,Faible
1409,Research & Development,Laboratory Technician,Female,1,2950,No,1,1,0,No,0.5183795542898066,Moyen
1411,Research & Development,Laboratory Technician,Female,1,3629,No,3,3,0,No,0.42213059326995833,Moyen
1412,Research & Development,Manufacturing Director,Male,3,9362,No,4,3,2,No,0.486177946984748,Moyen
1415,Research & Development,Laboratory Technician,Male,1,3229,No,4,2,0,No,0.5737496295038402,Moyen
1417,Research & Development,Laboratory Technician,Male,1,3578,No,1,3,0,No,0.18577569462035798,Faible
1419,Human Resources,Human Resources,Male,3,7988,No,1,2,0,No,0.4325869698944113,Moyen
1420,Research & Development,Laboratory Technician,Male,2,4284,No,1,3,1,Yes,0.8916400854712269,Élevé
1421,Research & Development,Healthcare Representative,Female,3,7553,Yes,4,3,7,Yes,0.8158644887294265,Élevé
1422,Research & Development,Research Director,Female,4,17328,No,4,2,12,No,0.030669175083830096,Faible
1423,Research & Development,Research Director,Female,5,19701,Yes,1,3,1,No,0.021213442291734875,Faible
1424,Research & Development,Research Director,Male,4,14732,No,4,4,0,No,0.0018140856041235858,Faible
1425,Sales,Sales Executive,Female,2,9278,Yes,2,3,0,No,0.7042237764452911,Élevé
1427,Sales,Sales Representative,Female,1,1359,No,3,3,0,Yes,0.8881806425880088,Élevé
1428,Sales,Sales Executive,Female,2,4779,No,1,3,0,No,0.486285233660651,Moyen
1430,Research & Development,Research Director,Female,4,16422,No,2,4,1,No,0.4300909934876018,Moyen
1431,Research & Development,Research Scientist,Male,1,2996,No,1,3,1,No,0.14241973125948512,Faible
1433,Research & Development,Research Scientist,Female,1,1261,No,2,4,0,Yes,0.5028013263008254,Moyen
1434,Research & Development,Laboratory Technician,Male,1,2099,No,1,4,1,No,0.397463610271071,Moyen
1435,Research & Development,Laboratory Technician,Male,2,5810,No,4,2,1,No,0.37582531921623763,Moyen
1436,Sales,Sales Executive,Female,2,5647,No,1,2,0,No,0.6361595998266277,Moyen
1438,Research & Development,Research Scientist,Male,1,3420,No,4,2,1,No,0.15382508640589346,Faible
1439,Sales,Sales Representative,Male,1,4400,No,1,3,2,Yes,0.9073968222096354,Élevé
1440,Research & Development,Laboratory Technician,Male,1,3500,No,3,1,1,No,0.26851189547134013,Faible
1441,Research & Development,Research Scientist,Female,1,2066,No,1,4,1,No,0.07027037426434207,Faible
1443,Research & Development,Research Director,Female,4,17169,No,3,4,5,No,0.007856623279291855,Faible
1445,Sales,Sales Executive,Female,2,4162,Yes,3,3,0,No,0.2729101667779541,Faible
1446,Sales,Sales Executive,Male,2,9204,No,4,2,0,No,0.2970546769637902,Faible
1447,Research & Development,Laboratory Technician,Female,1,3294,No,2,2,0,No,0.3620743502394808,Moyen
1448,Research & Development,Research Scientist,Male,1,2127,Yes,3,2,0,No,0.3860994631282229,Moyen
1449,Research & Development,Laboratory Technician,Male,2,3975,No,3,4,0,No,0.08102014917100309,Faible
1453,Sales,Sales Executive,Male,3,10793,No,4,3,9,No,0.2292048592340015,Faible
1457,Sales,Sales Executive,Male,3,10096,No,4,4,4,Yes,0.26925190175059843,Faible
1458,Research & Development,Laboratory Technician,Female,1,3646,Yes,1,4,0,Yes,0.9088355783142346,Élevé
1459,Research & Development,Manufacturing Director,Female,3,7446,No,2,3,4,Yes,0.19412962451714158,Faible
1460,Research & Development,Healthcare Representative,Male,3,10851,Yes,1,3,0,No,0.23671490315747784,Faible
1461,Human Resources,Human Resources,Female,1,2109,No,2,3,0,No,0.2836813168136164,Faible
1464,Research & Development,Laboratory Technician,Male,1,3722,Yes,4,1,2,Yes,0.9437116961002391,Élevé
1465,Research & Development,Manufacturing Director,Male,3,9380,Yes,4,4,1,No,0.41713153097486105,Moyen
1466,Sales,Sales Executive,Male,2,5486,No,1,3,2,No,0.3025781280740803,Faible
1467,Human Resources,Human Resources,Female,1,2742,No,3,3,2,Yes,0.3234208037296893,Faible
1468,Research & Development,Research Director,Male,3,13757,No,2,3,4,No,0.024258966578093608,Faible
1469,Sales,Sales Executive,Male,2,8463,No,1,3,1,No,0.18746905516926915,Faible
1471,Research & Development,Laboratory Technician,Male,1,3162,No,3,3,0,No,0.28440295588213355,Faible
1472,Research & Development,Research Director,Male,4,16598,No,2,2,8,No,0.02755971022113635,Faible
1473,Research & Development,Healthcare Representative,Male,2,6651,No,3,2,1,No,0.08644345345272711,Faible
1474,Research & Development,Research Scientist,Male,1,2345,No,3,4,1,No,0.04268205701087203,Faible
1475,Research & Development,Research Scientist,Male,1,3420,No,2,2,1,No,0.14115088244650933,Faible
1477,Sales,Sales Executive,Male,2,4373,No,1,3,0,No,0.3817124250419422,Moyen
1478,Sales,Sales Executive,Male,2,4759,No,1,3,3,No,0.13161313537184235,Faible
1479,Sales,Sales Executive,Male,2,5301,No,3,2,2,No,0.5400223808681982,Moyen
1480,Research & Development,Laboratory Technician,Female,1,3673,No,4,3,5,No,0.3262690718471173,Faible
1481,Sales,Sales Executive,Female,2,4768,No,3,2,0,No,0.7504230283900512,Élevé
1482,Research & Development,Research Scientist,Male,1,1274,No,3,2,0,No,0.1407530216913557,Faible
1483,Research & Development,Research Scientist,Male,2,4900,No,3,2,2,No,0.014889804234394764,Faible
1484,Research & Development,Healthcare Representative,Male,3,10466,No,2,3,0,No,0.005485320266830141,Faible
1485,Research & Development,Research Director,Male,4,17007,No,1,2,6,No,0.26144825953554457,Faible
1486,Sales,Sales Representative,Male,1,2909,No,3,4,1,Yes,0.5959804301241901,Moyen
1487,Sales,Sales Executive,Female,2,5765,No,2,1,0,Yes,0.9658924736886305,Élevé
1489,Sales,Sales Executive,Female,2,4599,Yes,2,4,10,Yes,0.9277031870075383,Élevé
1492,Sales,Sales Representative,Male,1,2404,No,3,3,0,No,0.43501056590671267,Moyen
1494,Research & Development,Laboratory Technician,Male,1,3172,Yes,1,2,0,Yes,0.987390244906892,Élevé
1495,Sales,Sales Representative,Female,1,2033,No,2,3,0,No,0.3861088867246468,Moyen
1496,Research & Development,Manufacturing Director,Male,3,10209,Yes,3,2,2,No,0.6732722419663605,Élevé
1497,Sales,Sales Executive,Male,2,8620,No,3,3,0,No,0.11288791114452484,Faible
1499,Human Resources,Human Resources,Male,1,2064,No,3,4,1,No,0.18643295249978137,Faible
1501,Research & Development,Healthcare Representative,Male,2,4035,Yes,3,3,1,No,0.2666552632968559,Faible
1502,Research & Development,Laboratory Technician,Female,1,3838,No,2,3,0,No,0.6230236613117106,Moyen
1503,Sales,Sales Executive,Female,2,4591,Yes,3,2,1,No,0.516434492067848,Moyen
1504,Research & Development,Laboratory Technician,Male,1,2561,No,1,2,0,Yes,0.9468146871308675,Élevé
1506,Research & Development,Research Scientist,Male,1,1563,No,3,1,0,No,0.1548273708163658,Faible
1507,Sales,Sales Executive,Male,2,4898,No,1,3,1,No,0.6119790091739762,Moyen
1509,Research & Development,Laboratory Technician,Female,2,4789,No,1,3,1,No,0.41731060473566617,Moyen
1513,Research & Development,Laboratory Technician,Female,1,3180,No,2,3,0,No,0.13603360889310862,Faible
1514,Research & Development,Manufacturing Director,Male,2,6549,No,2,2,1,No,0.16723297819538563,Faible
1515,Research & Development,Healthcare Representative,Male,2,6388,Yes,3,3,0,No,0.5863371823136989,Moyen
1516,Research & Development,Manager,Male,3,11244,No,4,4,0,No,0.20721665646109919,Faible
1520,Research & Development,Manager,Female,4,16032,No,4,3,1,No,0.015968639886435498,Faible
1522,Research & Development,Research Scientist,Male,1,2362,No,1,1,0,Yes,0.6027227351322685,Moyen
1523,Research & Development,Research Director,Male,4,16328,No,1,4,14,No,0.1611598479628086,Faible
1525,Research & Development,Manufacturing Director,Female,3,8376,No,2,3,2,No,0.17504382381760084,Faible
1527,Sales,Manager,Female,4,16606,No,2,4,5,No,0.18046237860355166,Faible
1529,Research & Development,Healthcare Representative,Female,3,8606,No,2,1,3,No,0.12662065755650714,Faible
1533,Research & Development,Laboratory Technician,Male,2,2272,No,3,3,1,No,0.8001596057587248,Élevé
1534,Research & Development,Laboratory Technician,Male,1,2018,No,1,1,1,Yes,0.5872320080495459,Moyen
1535,Sales,Sales Executive,Male,3,7083,Yes,3,3,8,No,0.7133073324937377,Élevé
1537,Research & Development,Research Scientist,Female,1,4084,No,3,1,7,Yes,0.34184533090999264,Moyen
1539,Research & Development,Research Director,Male,4,14411,Yes,4,3,13,No,0.858402672796144,Élevé
1541,Sales,Sales Representative,Male,1,2308,Yes,3,3,5,No,0.6029664559136595,Moyen
1542,Research & Development,Laboratory Technician,Male,1,4841,No,2,3,0,No,0.42282738240280826,Moyen
1543,Research & Development,Research Scientist,Male,2,4285,No,4,3,3,No,0.08553822214548766,Faible
1544,Research & Development,Healthcare Representative,Female,2,9715,No,1,3,0,No,0.06987409618339109,Faible
1545,Research & Development,Manufacturing Director,Male,2,4320,No,2,3,0,No,0.41323198243361614,Moyen
1546,Research & Development,Research Scientist,Male,1,2132,No,4,3,0,No,0.14769856927829988,Faible
1547,Research & Development,Healthcare Representative,Male,3,10124,Yes,4,1,13,No,0.47839344984114174,Moyen
1548,Sales,Sales Executive,Male,2,5473,No,1,4,7,No,0.47349331146488244,Moyen
1549,Research & Development,Laboratory Technician,Male,2,5207,Yes,3,3,5,No,0.7929684267234108,Élevé
1550,Human Resources,Manager,Male,4,16437,Yes,4,3,7,No,0.39089918722645295,Moyen
1551,Research & Development,Laboratory Technician,Male,1,2296,No,1,3,0,No,0.6575805216559745,Moyen
1552,Research & Development,Healthcare Representative,Male,2,4069,Yes,4,3,2,No,0.2826354528095354,Faible
1553,Research & Development,Healthcare Representative,Male,3,7441,No,2,3,7,No,0.18337808898058783,Faible
1554,Sales,Sales Representative,Female,1,2430,No,3,3,4,No,0.6111900222064266,Moyen
1555,Research & Development,Research Scientist,Female,2,5878,No,2,3,2,No,0.09486830972696939,Faible
1556,Sales,Sales Representative,Male,1,2644,Yes,4,2,1,No,0.8654353270485171,Élevé
1557,Sales,Sales Executive,Female,2,6439,No,3,3,7,No,0.35406015215099446,Moyen
1558,Research & Development,Research Scientist,Male,1,2451,No,3,2,0,No,0.21945024345496414,Faible
1560,Sales,Sales Executive,Male,2,6392,No,1,1,2,No,0.37848035077695974,Moyen
1562,Sales,Sales Executive,Male,2,9714,No,1,3,6,Yes,0.2512608890335333,Faible
1563,Human Resources,Human Resources,Male,2,6077,No,3,3,1,No,0.433356955403053,Moyen
1564,Research & Development,Laboratory Technician,Male,1,2450,No,1,3,1,No,0.49244800153141527,Moyen
1568,Sales,Sales Executive,Male,3,9250,No,2,3,1,No,0.639932812552332,Moyen
1569,Research & Development,Laboratory Technician,Female,1,2074,Yes,1,3,0,Yes,0.8710464539342686,Élevé
1572,Research & Development,Manufacturing Director,Female,3,10169,No,4,3,1,Yes,0.004708366350892282,Faible
1573,Research & Development,Manufacturing Director,Male,2,4855,No,2,3,1,Yes,0.1668809710658115,Faible
1574,Research & Development,Research Scientist,Male,2,4087,No,1,2,1,No,0.13778955073621832,Faible
1576,Research & Development,Research Scientist,Female,1,2367,No,1,2,7,No,0.31598698907574535,Faible
1577,Research & Development,Research Scientist,Male,1,2972,No,4,1,0,No,0.34891192988173675,Moyen
1578,Sales,Manager,Male,5,19586,No,4,3,2,No,0.04963505173835183,Faible
1580,Research & Development,Research Scientist,Male,2,5484,No,4,2,2,No,0.2251501476105871,Faible
1581,Research & Development,Research Scientist,Female,1,2061,No,4,3,0,No,0.2558756633710887,Faible
1582,Sales,Sales Executive,Male,2,9924,No,2,3,7,No,0.1391674628142437,Faible
1583,Sales,Sales Executive,Female,2,4198,No,2,4,1,No,0.6154601573745452,Moyen
1585,Sales,Sales Executive,Female,2,6815,No,3,3,0,No,0.504486775857224,Moyen
1586,Research & Development,Laboratory Technician,Male,1,4723,Yes,1,3,1,No,0.5217720220223352,Moyen
1587,Research & Development,Healthcare Representative,Female,2,6142,Yes,3,3,0,No,0.5949078504691402,Moyen
1588,Sales,Sales Executive,Male,3,8237,No,3,3,7,No,0.15727310407178058,Faible
1590,Research & Development,Healthcare Representative,Male,2,8853,No,4,4,1,No,0.07282736890184228,Faible
1591,Sales,Manager,Male,5,19331,Yes,3,3,0,No,0.4167802441459394,Moyen
1592,Research & Development,Research Scientist,Male,1,2073,No,3,3,2,No,0.08885567964715187,Faible
1594,Research & Development,Laboratory Technician,Male,2,5562,Yes,1,3,0,No,0.8459051064513219,Élevé
1595,Research & Development,Manager,Male,5,19613,No,4,3,0,No,0.13217395695358036,Faible
1596,Research & Development,Laboratory Technician,Male,2,3407,No,3,2,6,No,0.20351344065204005,Faible
1597,Research & Development,Healthcare Representative,Male,2,5063,No,3,2,7,No,0.5077742617415483,Moyen
1598,Sales,Sales Executive,Female,2,4639,No,1,3,1,No,0.2578225605447629,Faible
1599,Research & Development,Laboratory Technician,Male,1,4876,No,2,3,0,No,0.5047668335525045,Moyen
1601,Research & Development,Laboratory Technician,Male,1,2690,No,4,2,0,No,0.14116664902125853,Faible
1602,Sales,Manager,Male,4,17567,No,1,1,0,No,0.03621267775237356,Faible
1604,Research & Development,Laboratory Technician,Male,1,2408,Yes,2,3,0,Yes,0.8263153499536943,Élevé
1605,Research & Development,Research Scientist,Female,1,2814,Yes,3,2,1,No,0.7127903081973239,Élevé
1606,Research & Development,Healthcare Representative,Male,4,11245,Yes,3,3,12,No,0.48042177388194285,Moyen
1607,Research & Development,Research Scientist,Female,1,3312,No,4,3,0,No,0.018548626125660765,Faible
1608,Research & Development,Research Director,Female,5,19049,Yes,4,2,1,No,0.012467986365895635,Faible
1609,Research & Development,Research Scientist,Male,1,2141,No,2,2,1,No,0.27388377923295715,Faible
1611,Research & Development,Laboratory Technician,Female,2,5769,Yes,1,3,1,No,0.832484607539172,Élevé
1612,Sales,Sales Executive,Male,2,4385,No,1,3,4,No,0.7557870608765862,Élevé
1613,Sales,Sales Executive,Male,2,5332,No,1,3,0,No,0.728310739094024,Élevé
1614,Research & Development,Manufacturing Director,Female,2,4663,Yes,3,3,1,No,0.8264559793806435,Élevé
1615,Research & Development,Manufacturing Director,Male,2,4724,No,4,3,7,No,0.3131151087387495,Faible
1617,Research & Development,Laboratory Technician,Female,1,3211,No,1,2,1,No,0.1959318359906838,Faible
1618,Research & Development,Manufacturing Director,Male,2,5377,No,1,3,7,No,0.08255371894303343,Faible
1619,Research & Development,Laboratory Technician,Male,1,4066,No,1,3,0,No,0.20011561560802527,Faible
1621,Research & Development,Research Scientist,Male,2,5208,No,1,3,1,No,0.030667767476790127,Faible
1622,Research & Development,Manufacturing Director,Female,2,4877,No,1,2,0,No,0.5026356818677362,Moyen
1623,Research & Development,Research Scientist,Male,1,3117,No,4,3,2,No,0.15274884034007852,Faible
1624,Sales,Sales Representative,Female,1,1569,Yes,4,4,0,Yes,0.9600891046126698,Élevé
1625,Human Resources,Manager,Female,5,19658,No,3,3,1,No,0.0427568348742247,Faible
1627,Research & Development,Laboratory Technician,Male,2,3069,No,3,3,0,No,0.05899695967230124,Faible
1628,Research & Development,Manufacturing Director,Female,3,10435,No,3,3,14,No,0.06805803864235101,Faible
1630,Research & Development,Healthcare Representative,Female,2,4148,No,3,3,2,No,0.014747690936792,Faible
1631,Research & Development,Manufacturing Director,Male,2,5768,No,3,2,0,No,0.11311526757505085,Faible
1633,Research & Development,Manufacturing Director,Female,2,5042,No,3,1,3,No,0.1845566831158686,Faible
1635,Research & Development,Manufacturing Director,Female,2,5770,No,4,3,3,No,0.0046242024579938,Faible
1638,Research & Development,Manufacturing Director,Female,3,7756,Yes,3,4,0,No,0.11567849258576196,Faible
1639,Sales,Sales Executive,Male,3,10306,No,1,3,6,Yes,0.7348385387997024,Élevé
1640,Research & Development,Research Scientist,Female,1,3936,No,2,1,7,No,0.137439030939484,Faible
1641,Research & Development,Manufacturing Director,Female,3,7945,Yes,4,2,3,No,0.6495681625915791,Moyen
1642,Human Resources,Human Resources,Male,2,5743,Yes,4,3,0,No,0.7455597902708556,Élevé
1644,Research & Development,Manager,Male,4,15202,No,4,3,2,No,0.07859560957414499,Faible
1645,Sales,Sales Executive,Male,2,5440,Yes,4,2,2,Yes,0.9215622729829777,Élevé
1646,Research & Development,Research Scientist,Female,1,3760,Yes,4,3,1,No,0.7226052613712188,Élevé
1647,Research & Development,Research Scientist,Female,1,3517,No,3,3,0,No,0.30010312879540235,Faible
1648,Research & Development,Research Scientist,Male,1,2580,No,4,2,1,No,0.284084976139995,Faible
1649,Research & Development,Laboratory Technician,Male,1,2166,Yes,1,1,0,Yes,0.9155736223400626,Élevé
1650,Sales,Sales Executive,Male,2,5869,No,3,3,1,No,0.8829237081015306,Élevé
1651,Research & Development,Healthcare Representative,Female,3,8008,No,1,3,0,No,0.13017035975464636,Faible
1653,Research & Development,Manufacturing Director,Male,2,5206,No,3,3,0,No,0.01305682010350111,Faible
1654,Research & Development,Manufacturing Director,Male,2,5295,No,2,3,1,No,0.3215017132681357,Faible
1655,Research & Development,Research Director,Female,4,16413,No,2,3,1,No,0.037253742492245515,Faible
1656,Research & Development,Research Director,Female,3,13269,No,1,3,1,No,0.009506137188625351,Faible
1657,Sales,Sales Representative,Female,1,2783,No,3,3,2,No,0.4583324771401761,Moyen
1658,Research & Development,Research Scientist,Female,2,5433,No,2,3,7,No,0.025297517462271393,Faible
1659,Research & Development,Laboratory Technician,Male,1,2013,No,2,3,1,No,0.5569220491770983,Moyen
1661,Research & Development,Healthcare Representative,Female,4,13966,Yes,3,3,2,No,0.015728572788989835,Faible
1662,Research & Development,Manufacturing Director,Female,2,4374,No,3,3,1,No,0.03521832957067787,Faible
1664,Research & Development,Healthcare Representative,Male,2,6842,No,1,3,0,No,0.1332168818955925,Faible
1665,Research & Development,Manager,Female,4,17426,No,3,3,4,No,0.010084751027491424,Faible
1666,Research & Development,Research Director,Male,4,17603,No,3,3,6,No,0.033621899354248856,Faible
1667,Sales,Sales Executive,Male,2,4581,Yes,4,4,6,Yes,0.889991927921082,Élevé
1668,Research & Development,Research Scientist,Male,2,4735,No,4,4,2,No,0.013148058537341181,Faible
1669,Sales,Sales Executive,Male,2,4187,Yes,2,2,0,No,0.7188650330655851,Élevé
1670,Sales,Sales Executive,Male,2,5505,No,4,3,0,No,0.06973900328294326,Faible
1671,Research & Development,Research Scientist,Male,2,5470,No,2,2,1,No,0.013758745719986901,Faible
1673,Sales,Sales Executive,Female,2,5476,No,4,3,0,No,0.2310869376056158,Faible
1674,Research & Development,Laboratory Technician,Female,1,2587,Yes,1,2,2,No,0.6844841535852855,Élevé
1675,Research & Development,Laboratory Technician,Female,1,2440,No,2,3,3,No,0.7353231555389029,Élevé
1676,Sales,Manager,Female,4,15972,No,2,3,1,No,0.021820874654609298,Faible
1677,Research & Development,Manager,Male,4,15379,No,3,3,0,No,0.0745450812415952,Faible
1678,Sales,Sales Executive,Male,3,7082,Yes,3,3,0,No,0.6159791591866361,Moyen
1680,Sales,Sales Representative,Male,1,2728,No,1,3,0,No,0.7715849393195322,Élevé
1681,Sales,Sales Executive,Female,2,5368,Yes,4,3,1,No,0.4999438123592791,Moyen
1682,Research & Development,Healthcare Representative,Male,2,5347,No,3,2,0,No,0.41006048489905284,Moyen
1683,Human Resources,Human Resources,Female,1,3195,Yes,4,3,2,No,0.28497335193200485,Faible
1684,Research & Development,Laboratory Technician,Male,1,3989,Yes,3,3,1,Yes,0.8859280885054848,Élevé
1687,Research & Development,Laboratory Technician,Female,1,3306,No,3,2,0,No,0.13142358150639574,Faible
1689,Research & Development,Healthcare Representative,Male,3,7005,No,4,3,1,No,0.1061407275393316,Faible
1691,Sales,Sales Representative,Female,1,2655,Yes,3,3,7,Yes,0.5066588724701623,Moyen
1692,Research & Development,Laboratory Technician,Male,1,1393,No,2,3,0,Yes,0.6485339019985992,Moyen
1693,Research & Development,Laboratory Technician,Male,1,2570,No,4,3,5,No,0.29715874034118017,Faible
1694,Research & Development,Research Scientist,Male,1,3537,No,2,3,1,No,0.3633582465532089,Moyen
1696,Research & Development,Laboratory Technician,Male,2,3986,No,4,4,4,No,0.04815428660262258,Faible
1697,Research & Development,Healthcare Representative,Male,3,10883,No,4,4,0,No,0.07239524989622388,Faible
1698,Research & Development,Laboratory Technician,Male,1,2028,No,2,3,2,No,0.02919172344400664,Faible
1700,Sales,Sales Executive,Male,2,9525,No,4,2,1,No,0.1798989825329809,Faible
1701,Research & Development,Research Scientist,Female,1,2929,No,4,3,8,No,0.17121666665051646,Faible
1702,Sales,Sales Representative,Male,1,2275,Yes,4,3,0,Yes,0.8712617017795521,Élevé
1703,Research & Development,Healthcare Representative,Female,3,7879,Yes,4,3,6,No,0.11279133502877989,Faible
1704,Research & Development,Research Scientist,Male,1,4930,Yes,4,4,1,No,0.6929474350017768,Élevé
1706,Sales,Sales Executive,Male,2,7847,Yes,4,3,8,No,0.30424427835460593,Faible
1707,Research & Development,Research Scientist,Male,1,4401,No,3,3,0,No,0.03627749754109051,Faible
1708,Sales,Sales Executive,Male,3,9241,No,3,3,8,No,0.4218305091272394,Moyen
1709,Research & Development,Laboratory Technician,Female,1,2974,No,3,3,1,No,0.3932757402655959,Moyen
1710,Sales,Sales Representative,Female,2,4502,No,4,2,6,No,0.3156675982366434,Faible
1712,Research & Development,Healthcare Representative,Male,3,10748,No,3,2,14,No,0.07765729058827718,Faible
1714,Human Resources,Human Resources,Male,1,1555,No,3,3,0,Yes,0.6246055021627378,Moyen
1716,Sales,Sales Executive,Male,4,12936,No,3,1,14,Yes,0.8669382101660761,Élevé
1718,Research & Development,Laboratory Technician,Male,1,2305,No,3,4,0,No,0.33386967387593425,Moyen
1719,Research & Development,Research Director,Female,4,16704,No,2,3,8,No,0.2662401890322582,Faible
1720,Research & Development,Research Scientist,Male,1,3433,No,3,2,1,No,0.5346029025858472,Moyen
1721,Research & Development,Laboratory Technician,Male,1,3477,No,3,4,0,No,0.17886177794971259,Faible
1722,Human Resources,Human Resources,Male,2,6430,No,2,3,1,No,0.3178721244714588,Faible
1724,Research & Development,Manufacturing Director,Female,2,6516,Yes,1,3,0,No,0.3440857325419571,Moyen
1725,Research & Development,Laboratory Technician,Male,1,3907,No,1,4,1,No,0.5682018536115506,Moyen
1727,Research & Development,Healthcare Representative,Male,2,5562,No,2,3,0,No,0.09592940472054869,Faible
1728,Research & Development,Manufacturing Director,Male,2,6883,No,3,3,0,No,0.02299279808225161,Faible
1729,Research & Development,Research Scientist,Male,1,2862,No,4,2,0,No,0.06276760115335685,Faible
1731,Sales,Sales Executive,Male,2,4978,No,2,1,0,No,0.6557350979538554,Moyen
1732,Sales,Sales Executive,Male,3,10368,Yes,4,2,0,No,0.35164489525913506,Moyen
1733,Sales,Sales Executive,Male,2,6134,Yes,1,3,2,Yes,0.8721422170962321,Élevé
1734,Sales,Sales Executive,Male,2,6735,No,2,3,0,Yes,0.8262842039004301,Élevé
1735,Research & Development,Laboratory Technician,Female,1,3295,No,2,1,1,No,0.5312154415428102,Moyen
1736,Research & Development,Manufacturing Director,Female,2,5238,No,4,2,1,No,0.40198146255223965,Moyen
1737,Research & Development,Laboratory Technician,Male,2,6472,Yes,4,3,5,No,0.2125670314870126,Faible
1739,Sales,Sales Executive,Male,3,9610,No,3,1,0,No,0.49368066329309274,Moyen
1740,Sales,Manager,Male,5,19833,No,2,2,12,No,0.5209309772158166,Moyen
1744,Human Resources,Human Resources,Female,3,9756,No,3,4,0,No,0.20584106796223733,Faible
1745,Research & Development,Research Scientist,Female,1,4968,No,1,3,0,No,0.058898786265023186,Faible
1746,Human Resources,Human Resources,Male,1,2145,No,4,3,2,No,0.381016426655747,Moyen
1747,Human Resources,Human Resources,Female,1,2180,No,4,2,1,Yes,0.6158786908823334,Moyen
1749,Sales,Sales Executive,Male,2,8346,No,3,3,0,No,0.21727369088031498,Faible
1751,Research & Development,Research Scientist,Female,1,3445,No,4,2,1,No,0.08076491564074081,Faible
1752,Sales,Sales Representative,Female,1,2760,No,2,3,2,Yes,0.8765471681701678,Élevé
1753,Research & Development,Healthcare Representative,Male,2,6294,Yes,3,4,0,No,0.8213540055233997,Élevé
1754,Sales,Sales Executive,Male,3,7140,No,1,3,1,No,0.44864972311702983,Moyen
1755,Research & Development,Research Scientist,Male,1,2932,Yes,4,3,1,No,0.16388419637147036,Faible
1756,Sales,Sales Executive,Female,2,5147,No,2,2,1,No,0.27788240631010297,Faible
1757,Sales,Sales Executive,Female,2,4507,No,4,4,0,No,0.25640579621471793,Faible
1758,Sales,Sales Executive,Female,3,8564,Yes,1,2,0,Yes,0.9650698692023109,Élevé
1760,Research & Development,Laboratory Technician,Female,1,2468,No,2,2,0,No,0.40587757447739375,Moyen
1761,Sales,Sales Executive,Male,3,8161,No,3,3,0,Yes,0.5144582800357292,Moyen
1762,Research & Development,Research Scientist,Female,1,2109,No,1,3,0,No,0.20486554675496146,Faible
1763,Research & Development,Healthcare Representative,Male,2,5294,No,3,3,1,No,0.10897970486196717,Faible
1764,Research & Development,Research Scientist,Male,1,2718,No,2,3,0,No,0.10382524671747943,Faible
1766,Research & Development,Healthcare Representative,Male,2,5811,Yes,4,3,1,No,0.6605657513935289,Élevé
1767,Research & Development,Research Scientist,Male,1,2437,Yes,3,3,0,Yes,0.9125730770414164,Élevé
1768,Research & Development,Laboratory Technician,Male,1,2766,No,2,2,0,No,0.4988484782066981,Moyen
1770,Research & Development,Research Director,Male,5,19038,No,1,3,0,No,0.04663778254673682,Faible
1771,Research & Development,Research Scientist,Male,2,3055,No,2,2,1,No,0.039386030193101405,Faible
1772,Research & Development,Laboratory Technician,Male,1,2289,No,1,3,0,No,0.37019183609331324,Moyen
1774,Sales,Sales Executive,Male,2,4001,Yes,3,3,0,No,0.1150773597196508,Faible
1775,Research & Development,Manufacturing Director,Female,4,12965,Yes,3,2,0,No,0.0986409489354161,Faible
1778,Human Resources,Human Resources,Male,1,3539,No,4,3,1,No,0.08218339393516001,Faible
1779,Sales,Sales Executive,Female,2,6029,No,4,3,2,No,0.6651878642958488,Élevé
1780,Sales,Sales Representative,Male,1,2679,No,2,3,1,Yes,0.8945934645613184,Élevé
1782,Research & Development,Laboratory Technician,Female,1,3702,No,3,3,0,No,0.08965860558723114,Faible
1783,Research & Development,Laboratory Technician,Female,1,2398,Yes,1,3,0,Yes,0.7261045309204767,Élevé
1784,Sales,Sales Executive,Female,2,5468,No,4,3,5,No,0.5700636464401589,Moyen
1786,Research & Development,Manager,Female,3,13116,No,3,3,2,No,0.06801601932886422,Faible
1787,Sales,Sales Executive,Male,2,4189,No,2,3,0,No,0.4954570729155393,Moyen
1789,Research & Development,Research Director,Male,5,19328,Yes,4,3,2,No,0.15700506060445552,Faible
1790,Research & Development,Healthcare Representative,Male,3,8321,Yes,1,3,5,No,0.5942171723186539,Moyen
1792,Research & Development,Research Scientist,Male,1,2342,Yes,2,2,2,Yes,0.37227399661330424,Moyen
1794,Human Resources,Human Resources,Male,2,4071,No,2,2,4,No,0.10991200709815023,Faible
1797,Sales,Sales Executive,Male,2,5813,Yes,4,3,7,Yes,0.855081081768617,Élevé
1798,Research & Development,Research Scientist,Male,1,3143,No,1,3,7,No,0.134001543181414,Faible
1799,Research & Development,Research Scientist,Male,1,2044,No,4,4,0,No,0.03017139044872356,Faible
1800,Research & Development,Research Director,Male,3,13464,No,3,3,2,No,0.3248875749807467,Faible
1801,Sales,Sales Executive,Male,2,7991,No,2,3,2,No,0.8893298804284594,Élevé
1802,Research & Development,Laboratory Technician,Female,1,3377,No,1,2,0,No,0.16544066674708888,Faible
1803,Research & Development,Healthcare Representative,Male,2,5538,No,1,2,0,No,0.16501103120130636,Faible
1804,Research & Development,Manufacturing Director,Male,2,5762,No,4,3,1,No,0.009292861269093766,Faible
1805,Human Resources,Human Resources,Male,1,2592,No,2,3,3,No,0.051722273082020154,Faible
1807,Research & Development,Laboratory Technician,Male,2,5346,No,1,2,0,Yes,0.44253373808200047,Moyen
1809,Research & Development,Manufacturing Director,Male,2,4213,No,1,1,0,Yes,0.15981670671031697,Faible
1812,Sales,Sales Executive,Male,2,4127,No,4,3,2,No,0.3176268605328111,Faible
1813,Research & Development,Research Scientist,Male,1,2438,No,3,2,1,No,0.3765260840448908,Moyen
1814,Research & Development,Healthcare Representative,Male,2,6870,No,2,1,1,No,0.3880137289004997,Moyen
1815,Sales,Sales Executive,Female,3,10447,Yes,3,4,13,No,0.38625942383040235,Moyen
1816,Research & Development,Manufacturing Director,Female,3,9667,No,3,3,0,No,0.48399562629726917,Moyen
1818,Human Resources,Human Resources,Female,1,2148,Yes,2,3,1,Yes,0.6002148310142738,Moyen
1821,Research & Development,Healthcare Representative,Female,2,8926,No,2,4,3,Yes,0.06620078268060717,Faible
1822,Research & Development,Healthcare Representative,Female,2,6513,No,4,3,0,No,0.014949519984773101,Faible
1823,Sales,Sales Executive,Male,2,6799,No,3,3,4,No,0.13108666666049876,Faible
1824,Sales,Manager,Male,4,16291,No,2,2,14,No,0.06228601948895621,Faible
1826,Research & Development,Laboratory Technician,Male,1,2705,No,3,4,0,No,0.5336868892917734,Moyen
1827,Research & Development,Manufacturing Director,Female,3,10333,Yes,2,3,14,No,0.5481378386766569,Moyen
1829,Research & Development,Healthcare Representative,Female,2,4448,No,1,3,7,No,0.18507030441564565,Faible
1830,Research & Development,Research Scientist,Female,2,6854,No,4,2,1,No,0.019216005780660947,Faible
1833,Sales,Sales Executive,Female,3,9637,No,1,3,2,No,0.46707219449951176,Moyen
1834,Research & Development,Research Scientist,Female,1,3591,No,1,3,1,No,0.05938680758915757,Faible
1835,Sales,Sales Representative,Female,2,5405,Yes,4,2,0,No,0.7141536853443162,Élevé
1836,Sales,Sales Executive,Male,2,4684,No,4,3,1,No,0.5493594034219208,Moyen
1837,Research & Development,Research Director,Male,4,15787,Yes,3,3,2,No,0.4024642691541954,Moyen
1839,Research & Development,Research Scientist,Female,1,1514,No,3,1,0,No,0.213049658355352,Faible
1842,Human Resources,Human Resources,Male,1,2956,No,1,3,0,Yes,0.33535467722561824,Moyen
1844,Human Resources,Human Resources,Male,1,2335,Yes,1,3,2,Yes,0.9088511752688964,Élevé
1845,Sales,Sales Executive,Female,2,5154,No,3,4,5,No,0.13298864112677075,Faible
1847,Research & Development,Research Scientist,Female,2,6962,Yes,2,3,0,No,0.2433830064309866,Faible
1849,Sales,Sales Executive,Male,2,5675,No,4,3,7,No,0.3456467654712348,Moyen
1850,Research & Development,Laboratory Technician,Female,1,2379,Yes,4,2,0,No,0.6463272599069998,Moyen
1852,Research & Development,Laboratory Technician,Male,1,3812,No,4,4,3,No,0.20903912237077904,Faible
1853,Sales,Sales Executive,Male,2,4648,No,4,4,0,No,0.8928331357748774,Élevé
1854,Research & Development,Research Scientist,Male,1,2936,No,3,2,3,No,0.18377575224862527,Faible
1856,Research & Development,Laboratory Technician,Female,1,2105,No,3,3,2,No,0.7039940524088947,Élevé
1857,Research & Development,Manufacturing Director,Male,3,8578,No,4,2,4,No,0.021883366666214387,Faible
1858,Human Resources,Human Resources,Male,1,2706,No,4,3,2,No,0.14444653894928017,Faible
1859,Research & Development,Healthcare Representative,Male,2,6384,No,3,3,1,No,0.3381485210579881,Moyen
1860,Research & Development,Laboratory Technician,Male,1,3968,No,3,3,0,No,0.36915074993599084,Moyen
1862,Sales,Sales Executive,Male,2,9907,Yes,2,2,2,Yes,0.9793955748013033,Élevé
1863,Sales,Sales Executive,Female,4,13225,No,1,3,2,No,0.014727879454379996,Faible
1864,Sales,Sales Representative,Female,2,3540,No,3,3,5,No,0.38750374367886065,Moyen
1865,Human Resources,Human Resources,Male,1,2804,No,2,3,0,No,0.36388554786554855,Moyen
1866,Research & Development,Manager,Female,5,19392,No,3,3,6,No,0.055814601322000314,Faible
1867,Research & Development,Research Director,Male,5,19665,No,2,3,12,No,0.06614485842711938,Faible
1868,Research & Development,Research Scientist,Male,1,2439,Yes,4,2,1,Yes,0.936188821208277,Élevé
1869,Sales,Sales Executive,Female,3,7314,No,2,3,0,Yes,0.06554625781568751,Faible
1870,Research & Development,Research Scientist,Female,1,4774,No,1,2,7,No,0.14844045707525597,Faible
1871,Research & Development,Research Scientist,Male,2,3902,No,4,3,2,No,0.17580233898260356,Faible
1873,Research & Development,Research Scientist,Male,1,2662,No,4,4,0,No,0.1646497892875804,Faible
1875,Sales,Sales Representative,Female,1,2856,No,2,3,0,No,0.23219393552079268,Faible
1876,Sales,Sales Representative,Male,1,1081,No,4,2,0,Yes,0.7121910217803258,Élevé
1878,Research & Development,Research Scientist,Male,1,2472,Yes,2,3,0,Yes,0.8450990234985019,Élevé
1880,Sales,Sales Executive,Female,2,5673,Yes,3,3,1,No,0.5467579151585931,Moyen
1881,Research & Development,Laboratory Technician,Male,2,4197,No,3,3,0,No,0.5040622814311674,Moyen
1882,Sales,Sales Executive,Male,3,9713,Yes,4,3,1,No,0.3156128711269706,Faible
1883,Research & Development,Laboratory Technician,Male,1,2062,No,1,3,1,No,0.6195355604041194,Moyen
1885,Research & Development,Research Scientist,Male,2,4284,Yes,1,3,0,No,0.41680464854453025,Moyen
1886,Research & Development,Manufacturing Director,Female,2,4788,Yes,2,3,0,No,0.49724157571889516,Moyen
1888,Research & Development,Manufacturing Director,Female,2,5906,No,4,2,3,No,0.035677820952947484,Faible
1890,Human Resources,Human Resources,Male,2,3886,No,4,2,0,No,0.28420252126462436,Faible
1892,Research & Development,Manager,Male,4,16823,No,1,3,11,No,0.09719225838661064,Faible
1893,Research & Development,Research Scientist,Female,1,2933,Yes,3,2,1,No,0.5675169675975007,Moyen
1898,Sales,Sales Executive,Female,2,6500,No,3,2,0,No,0.12183810919272314,Faible
1900,Research & Development,Manager,Female,4,17174,No,4,3,4,No,0.032493656823750196,Faible
1903,Research & Development,Healthcare Representative,Male,2,5033,No,1,3,2,No,0.11618206192073025,Faible
1905,Research & Development,Research Scientist,Male,1,2307,Yes,1,3,3,Yes,0.8700752186400736,Élevé
1907,Research & Development,Laboratory Technician,Male,1,2587,No,4,3,1,Yes,0.4593419070566847,Moyen
1908,Sales,Sales Executive,Male,2,5507,No,2,1,1,No,0.4089434252590442,Moyen
1909,Sales,Sales Executive,Female,2,4393,No,2,3,1,No,0.3627376864976161,Moyen
1911,Research & Development,Research Director,Male,3,13348,No,1,4,5,No,0.15547865481800519,Faible
1912,Sales,Sales Executive,Female,2,6583,Yes,4,3,1,No,0.42468223496267044,Moyen
1915,Sales,Sales Executive,Female,2,8103,Yes,4,2,0,No,0.534517706504847,Moyen
1916,Research & Development,Laboratory Technician,Female,1,3978,No,3,2,2,No,0.7290049947310348,Élevé
1918,Research & Development,Laboratory Technician,Male,1,2544,No,4,3,7,No,0.1867093952699127,Faible
1922,Research & Development,Healthcare Representative,Male,2,5399,No,3,3,0,No,0.2684277170488402,Faible
1924,Sales,Sales Executive,Male,2,5487,No,3,2,0,No,0.45353727971863894,Moyen
1927,Sales,Sales Executive,Male,2,6834,Yes,4,3,0,No,0.5211837578400376,Moyen
1928,Sales,Sales Representative,Male,1,1091,No,1,3,0,Yes,0.9057681380226589,Élevé
1929,Sales,Sales Executive,Female,2,5736,No,3,3,1,No,0.4935052944745057,Moyen
1931,Research & Development,Research Scientist,Male,1,2226,No,2,2,1,No,0.15052246316991222,Faible
1932,Research & Development,Research Scientist,Male,2,5747,Yes,4,3,6,No,0.4626409574935519,Moyen
1933,Sales,Sales Executive,Female,2,9854,Yes,3,3,2,Yes,0.8538262130367733,Élevé
1934,Research & Development,Research Scientist,Male,2,5467,No,2,4,1,No,0.05585606645068132,Faible
1935,Sales,Sales Executive,Female,2,5380,No,1,3,0,No,0.3351049296794271,Moyen
1936,Research & Development,Manufacturing Director,Male,2,5151,No,1,3,7,No,0.2030586642672891,Faible
1937,Research & Development,Research Scientist,Female,2,2133,Yes,2,3,0,No,0.07554651040953195,Faible
1938,Sales,Manager,Female,4,17875,Yes,4,2,0,No,0.19007043174588006,Faible
1939,Research & Development,Research Scientist,Female,1,2432,Yes,3,3,0,Yes,0.7949071853108659,Élevé
1940,Research & Development,Research Scientist,Male,1,4771,No,4,4,0,No,0.01386804694955706,Faible
1941,Research & Development,Research Director,Male,5,19161,No,4,3,4,No,0.019995874696345544,Faible
1943,Sales,Sales Executive,Male,2,5087,Yes,4,3,0,No,0.7207994684322331,Élevé
1944,Human Resources,Human Resources,Female,1,2863,No,2,3,0,Yes,0.8265495949457436,Élevé
1945,Sales,Sales Executive,Male,2,5561,No,1,1,0,No,0.30839034387199266,Faible
1947,Research & Development,Research Scientist,Male,1,2144,No,3,2,1,No,0.14432584511332017,Faible
1948,Research & Development,Research Scientist,Male,1,3065,Yes,1,4,2,No,0.27283785931805155,Faible
1949,Research & Development,Laboratory Technician,Male,1,2810,No,2,3,0,No,0.3478623705987949,Moyen
1950,Sales,Sales Executive,Male,3,9888,No,4,2,2,No,0.5369083486277704,Moyen
1951,Sales,Sales Executive,Male,3,8628,No,3,2,1,No,0.10561060275973347,Faible
1952,Research & Development,Laboratory Technician,Male,1,2867,No,1,2,7,No,0.5156861205867325,Moyen
1954,Research & Development,Healthcare Representative,Male,2,5373,No,1,2,0,No,0.3004810606490632,Faible
1955,Research & Development,Healthcare Representative,Female,2,6667,No,4,3,1,No,0.07424193950343903,Faible
1956,Research & Development,Research Scientist,Male,2,5003,No,1,3,8,No,0.31814780608877835,Faible
1960,Research & Development,Laboratory Technician,Male,1,2367,No,4,2,0,Yes,0.6987969622824601,Élevé
1961,Sales,Sales Representative,Male,1,2858,No,1,2,0,No,0.7062735201631926,Élevé
1962,Sales,Sales Executive,Female,2,5204,Yes,4,3,0,No,0.19032048930671622,Faible
1965,Sales,Sales Executive,Male,2,4105,No,4,3,0,No,0.23030401680695675,Faible
1966,Research & Development,Manufacturing Director,Male,2,9679,No,4,3,0,No,0.44729096282837594,Moyen
1967,Sales,Sales Executive,Male,2,5617,Yes,4,3,0,Yes,0.8810182389806828,Élevé
1968,Sales,Sales Executive,Male,3,10448,Yes,1,2,2,Yes,0.9692811990351504,Élevé
1969,Research & Development,Research Scientist,Female,2,2897,No,3,2,2,No,0.08308716520040978,Faible
1970,Research & Development,Healthcare Representative,Male,2,5968,No,3,3,2,No,0.03592858921872181,Faible
1971,Research & Development,Healthcare Representative,Male,3,7510,No,3,3,0,No,0.04351519013791917,Faible
1972,Human Resources,Human Resources,Male,1,2991,Yes,2,3,1,No,0.5483225523213223,Moyen
1973,Human Resources,Manager,Male,5,19636,Yes,2,3,1,No,0.1926267008960527,Faible
1974,Research & Development,Laboratory Technician,Female,1,1129,Yes,4,3,0,No,0.47054339022328107,Moyen
1975,Sales,Sales Executive,Male,4,13341,No,1,3,11,No,0.7902232565760913,Élevé
1976,Research & Development,Research Scientist,Male,2,4332,No,3,3,3,No,0.07755545179754106,Faible
1979,Research & Development,Research Director,Female,3,11031,No,3,4,4,No,0.05995964781103049,Faible
1980,Research & Development,Manufacturing Director,Female,2,4440,Yes,1,3,1,No,0.6660561057684653,Élevé
1981,Research & Development,Healthcare Representative,Male,2,4617,No,3,2,1,No,0.4568500336842359,Moyen
1982,Research & Development,Laboratory Technician,Male,1,2647,No,4,4,1,No,0.3013048127601156,Faible
1985,Research & Development,Laboratory Technician,Female,2,6323,No,3,4,9,No,0.5925766291209639,Moyen
1986,Sales,Sales Executive,Female,2,5677,No,2,3,5,No,0.13018258799530827,Faible
1987,Human Resources,Human Resources,Female,1,2187,No,2,3,1,No,0.3751273157263985,Moyen
1989,Research & Development,Laboratory Technician,Male,1,3748,No,2,2,1,No,0.0642947926564441,Faible
1992,Research & Development,Laboratory Technician,Male,1,3977,Yes,3,2,0,No,0.5780910269968385,Moyen
1993,Research & Development,Healthcare Representative,Male,3,8633,No,3,3,12,No,0.27216430933806063,Faible
1994,Research & Development,Laboratory Technician,Male,1,2008,No,3,2,0,No,0.20245852438103745,Faible
1995,Sales,Sales Executive,Male,2,4440,No,2,3,5,No,0.03708180897044769,Faible
1996,Sales,Sales Representative,Male,1,3067,No,3,3,1,No,0.23153009655171705,Faible
1997,Research & Development,Manufacturing Director,Male,2,5321,No,3,3,7,No,0.4724556811969755,Moyen
1998,Research & Development,Research Scientist,Male,2,5410,Yes,1,2,1,No,0.6308096165291855,Moyen
1999,Research & Development,Research Scientist,Male,1,2782,No,4,3,1,No,0.07163812868798068,Faible
2000,Research & Development,Research Director,Female,3,11957,No,2,1,5,No,0.00409855831523353,Faible
2003,Research & Development,Laboratory Technician,Male,1,2660,Yes,3,3,2,No,0.8784961082502507,Élevé
2007,Research & Development,Research Scientist,Male,1,3375,No,3,4,1,No,0.10118678253453897,Faible
2008,Research & Development,Research Scientist,Male,2,5098,No,3,3,0,No,0.03358471914703234,Faible
2009,Research & Development,Healthcare Representative,Female,2,4878,Yes,4,3,8,No,0.6633757765353707,Élevé
2010,Research & Development,Laboratory Technician,Female,1,2837,No,2,3,4,No,0.8713834377043769,Élevé
2012,Research & Development,Laboratory Technician,Male,1,2406,No,4,2,0,No,0.4621624127972884,Moyen
2013,Sales,Sales Representative,Male,1,2269,No,2,3,2,No,0.6205758697009891,Moyen
2014,Research & Development,Research Scientist,Male,2,4108,No,4,3,1,No,0.39483058867413723,Moyen
2015,Research & Development,Research Director,Female,3,13206,No,3,3,1,No,0.026268174833770964,Faible
2016,Sales,Sales Executive,Female,3,10422,No,4,3,5,No,0.033248422792347215,Faible
2017,Research & Development,Research Director,Female,3,13744,Yes,4,3,6,No,0.13005976832049476,Faible
2018,Sales,Sales Executive,Female,2,4907,Yes,3,2,0,No,0.5645765250482964,Moyen
2019,Sales,Sales Representative,Male,1,3482,No,4,2,0,No,0.2476723488614071,Faible
2020,Research & Development,Research Scientist,Male,1,2436,Yes,4,3,1,No,0.6795908041889824,Élevé
2021,Sales,Sales Representative,Male,1,2380,Yes,1,3,1,No,0.9334872518955114,Élevé
2022,Research & Development,Manager,Male,5,19431,No,4,2,1,No,0.06627166393948836,Faible
2023,Sales,Sales Representative,Male,1,1790,No,1,2,1,Yes,0.83851188854439,Élevé
2024,Sales,Sales Executive,Female,3,7644,No,4,3,3,No,0.08157751166675993,Faible
2025,Research & Development,Manufacturing Director,Female,2,5131,No,2,3,0,No,0.09185635741059334,Faible
2026,Research & Development,Healthcare Representative,Male,2,6306,No,3,2,1,No,0.017078323277837936,Faible
2027,Research & Development,Research Scientist,Male,1,4787,Yes,4,4,2,Yes,0.6730485611218747,Élevé
2031,Research & Development,Manager,Male,5,18880,No,3,2,4,No,0.11203017622028398,Faible
2032,Research & Development,Laboratory Technician,Male,1,2339,No,3,1,9,Yes,0.4955915513667764,Moyen
2034,Research & Development,Manufacturing Director,Female,4,13570,No,2,3,0,No,0.046916290233174646,Faible
2035,Sales,Sales Executive,Female,2,6712,No,3,3,1,No,0.1872423388859359,Faible
2036,Sales,Sales Executive,Male,2,5406,No,4,2,11,No,0.4188441676716335,Moyen
2037,Sales,Sales Executive,Male,2,8938,No,2,3,0,No,0.0878295947047692,Faible
2038,Research & Development,Research Scientist,Male,1,2439,No,1,3,1,No,0.22335158217718082,Faible
2040,Human Resources,Human Resources,Female,3,8837,Yes,4,3,1,No,0.5847606619100009,Moyen
2041,Sales,Sales Executive,Female,2,5343,No,4,3,1,No,0.10263525427132152,Faible
2044,Sales,Sales Executive,Male,2,6728,No,3,3,0,Yes,0.3576321960722783,Moyen
2045,Sales,Sales Executive,Female,2,6652,No,4,2,0,No,0.5554710351165594,Moyen
2046,Sales,Sales Executive,Female,2,4850,No,3,3,0,No,0.6740362051933453,Élevé
2048,Research & Development,Research Scientist,Male,1,2809,No,3,3,2,No,0.11700813361209766,Faible
2049,Research & Development,Healthcare Representative,Male,2,5689,Yes,3,4,0,No,0.49121729780005935,Moyen
2051,Research & Development,Research Scientist,Female,1,2001,No,3,3,0,No,0.008106033128439044,Faible
2052,Research & Development,Research Scientist,Female,1,2977,No,4,3,1,No,0.06705397145972596,Faible
2053,Research & Development,Laboratory Technician,Male,2,4025,Yes,2,3,0,No,0.8114847170779743,Élevé
2054,Research & Development,Research Scientist,Female,1,3785,No,1,1,0,No,0.3707290507889286,Moyen
2055,Sales,Sales Executive,Male,3,10854,Yes,1,3,2,Yes,0.9013002941538452,Élevé
2056,Sales,Sales Executive,Female,4,12031,No,4,2,9,No,0.4357913438095972,Moyen
2057,Research & Development,Manufacturing Director,Male,2,9936,No,1,3,1,No,0.09033106173874045,Faible
2060,Sales,Sales Representative,Female,1,2966,No,3,3,0,No,0.22445464348844912,Faible
2061,Research & Development,Laboratory Technician,Male,2,2571,No,4,3,0,No,0.2570794555109101,Faible
2062,Research & Development,Healthcare Representative,Male,3,9991,No,1,3,1,No,0.09409293835621993,Faible
2064,Research & Development,Manufacturing Director,Male,2,6142,Yes,2,3,0,No,0.6713549582182731,Élevé
2065,Sales,Sales Executive,Male,2,5390,No,2,2,0,No,0.07390980125670113,Faible
2068,Research & Development,Laboratory Technician,Male,2,4404,No,3,4,1,No,0.4650034468716706,Moyen
